id,date_received,parlament,affair_type,status,identifier,joint_signatories_count,commission,signatory,signatory_original(no import),title,content_all,anon_yes,anon_no,anon_abstinence,urgent,recommendation_executive,inter_discussion_desired,recommendation_postulat_executive,transformation_postulat,accepted,path1,path2,path3,path4,path5,sessions
100,2010-01-28,100,MOTIO,PROCE,52.09.07,37,,138,Max Rötheli,Motion betreffend befristete Sondersteuer für Infrastrukturanlagen der Gemeinden,"Motion gemäss Art. 54 des Kantonsratsgesetzes 52.09.07 Befristete Sondersteuer für Infrastrukturanlagen der Gemeinden Auftrag Der Regierungsrat wird aufgefordert, dem Kantonsrat eine Vorlage zum Steuergesetz vorzulegen und damit die gesetzliche Grundlage zu schaffen, dass die Gemeinden zusammen mit dem Beschluss über bedeutende Infrastrukturanlagen gleichzeitig auch die Finanzierung regeln zu können. Begründung Im Zusammenhang mit dem neuen Finanzhaushaltsgesetz wird nebst der veränderten Rechnungslegung das Haushaltsgleichgewicht und die Schuldenbegrenzung neu geregelt. Die Gemeinden müssen sich beim Haushaltgleichgewicht an klare Vorgaben (Beschränkung des erlaubten, budgetierten Defizites der Laufenden Rechnung) halten. Bei der Bewertung und Abschreibung des Verwaltungsvermögens wird gemäss Gesetzesvorlage die degressive Abschreibungsmethode weiter geführt. Dies kann in den ersten Jahren nach der Auslösung der Investition durch die hohen Abschreibungen (bei Hochbauten 10 % des Restbuchwertes) bei grösseren Investitionsvorhaben den Handlungsspielraum der Gemeinwesen stark einschränken. Damit die Gemeinden auch bei schlechter Wirtschaftslage notwendige grössere Investitionen tätigen können ist es sinnvoll, wenn für bedeutende Infrastrukturanlagen den Gemeinden die Möglichkeit gegeben wird, zusammen mit dem Kreditbeschluss auch die Finanzierung beschlossen werden kann (Anhebung des Steuerfusses oder ev. Einführung einer zeitlich befristeten Sondersteuer). Dies ist heute nicht der Fall, da die Ausgabenbeschlüsse grösstenteils während des Jahres an der Urne gefällt werden, der Gemeinde-Steuerfuss gemäss Steuergesetz nur durch die Gemeindeversammlung festgelegt wird. Dadurch kann vermieden werden, dass die Stimmberechtigen einer Kreditvorlage wohl zustimmen, aber eine notwendige Steuererhöhung an der Budgetgemeindeversammlung verwerfen und den Gemeinden dadurch der finanzielle Handlungsspielraum stark eingeschränkt wird. Der Kanton hat im Vergleich zum Beispiel für den Ausbau des Kantonsspitals im Jahre 1992 zur Finanzierung eine befristete zweckgebundene Staatssteuer von 0,2 Einheiten erhoben. Die beantragte Gesetzesänderung würde es den Gemeinden erlauben, zur Finanzierung bedeutender Infrastrukturanlagen den Kreditbeschluss direkt mit einer befristeten Sondersteuer zu verbinden. Die Gemeinden sollen mit dieser gesetzlichen Grundlage bei bedeutenden Infrastrukturanlagen die Finanzierung beim Kreditentscheid durch den Souverän gleichzeitig mit einer befristeten Sondersteuer oder durch eine Erhöhung des ordentlichen Steuerfusses sicherstellen können. Sarnen, 04. Dezember 2009 ",,,,,1,,,,,import/affairs/ow/Bericht und Antrag_Befristete_Sondersteuer_Infrastrukturanlagen.pdf,import/affairs/ow/Bericht und Antrag_Befristete_Sondersteuer_Infrastrukturanlagen_Antwort.pdf,,,,28.01.2010 - Kantonsratssitzung
101,2010-04-22,100,MOTIO,PROCE,52.10.02,5,,201,Willy Fallegger (SVP),Motion betreffend Bildungsraum Zentralschweiz,,,,,,0,,,,,import/affairs/ow/Motion_Motion_Bildungsraum_Zentralschweiz.pdf,import/affairs/ow/Motion_Motion_Bildungsraum_Zentralschweiz_Antwort.pdf,,,,22.04.2010 - Kantonsratssitzung
102,2010-04-22,100,MOTIO,PROCE,52.10.01,38,,202,Peter Wechsler Kerns,Motion betreffend „Den Geist des Juko-Pavillon am Leben erhalten“,,,,,,1,,,,,import/affairs/ow/Motion_Motion_Juko_Pavillon.pdf,import/affairs/ow/Motion_Motion_Juko_Pavillon_Antwort.pdf,,,,22.04.2010 - Kantonsratssitzung
103,2010-03-25,100,INQUI,PROCE,55.10.01,7,,203,Helen Imfeld Ettlin Lungern,Anfrage betreffend Zusammensetzung des Eigenkapitals,,,,,,,,,,,import/affairs/ow/Anfrage_betreffend_Zusammensetzung_des_Eigenkapitals.pdf,import/affairs/ow/Anfrage_betreffend_Zusammensetzung_des_Eigenkapitals_Beantwortung_des_Regierungsrats.pdf,,,,
104,2010-04-22,100,INTER,PROCE,54.10.01,5,,204,Beat von Wyl Giswil,Interpellation betreffend Kantonsfinanzen: Fakten auf den Tisch,,,,,,,,,,,import/affairs/ow/Interpellation_Interpellation_Kantonsfinanzen.pdf,import/affairs/ow/Interpellation_Interpellation_Kantonsfinanzen_Antwort.pdf,,,,22.04.2010 - Kantonsratssitzung
105,2010-09-09,100,MOTIO,PROCE,52.10.03,20,,205,Heidi Wernli Gasser SP,Motion betreffend Entschädigung der nebenamtlichen Richter und Richterinnen für das Aktenstudium,,,,,,1,,,,,import/affairs/ow/Motion_Motion_Richterentschadigung.pdf,import/affairs/ow/Motion_Motion_Richterentschadigung_Antwort.pdf,,,,09.09.2010 - Kantonsratssitzung
106,2010-10-28,100,MOTIO,PROCE,52.10.05,17,,206,Lucia Omlin,Motion betreffend Reduzierung der Kapitalsteuer bei gemischten Holding- und Domizilgesellschaften,,,,,,1,,,,,import/affairs/ow/Motion_Motion_Kapitalsteuer.pdf,import/affairs/ow/Motion_Motion_Kapitalsteuer_Antwort.pdf,,,,28.10.2010 - Kantonsratssitzung
107,2010-10-28,100,MOTIO,PROCE,52.10.06,33,,200,Walter Wyrsch,Motion betreffend Überprüfung der Aufgabenverteilung,,,,,,1,,,1 (empfehlung exe),,import/affairs/ow/Motion_Motion_Ueberpruefung_Aufgabenverteilung.pdf,import/affairs/ow/Motion_Motion_Ueberpruefung_Aufgabenverteilung_Antwort.pdf,,,,28.10.2010 - Kantonsratssitzung
108,2010-10-28,100,MOTIO,PROCE,52.10.04,18,,207,Klaus Wallimann,Motion betreffend Vereinheitlichung der Baubegriffe und Messweisen,,,,,,1,,,1 (empfehlung exe),,import/affairs/ow/Motion_Motion_Baubegriffe_Messweisen.pdf,import/affairs/ow/Motion_Motion_Baubegriffe_Messweisen_Antwort.pdf,,,,28.10.2010 - Kantonsratssitzung
109,2010-12-02,100,INTER,PROCE,54.10.03,0,,208,Paul Vogler,Interpellation betreffend Denkmalschutz von Wohnhäusern,,,,,,,,,,,import/affairs/ow/Bericht und Antrag_Interpellation_Denkmalschutz_Wohnhaeuser.pdf,import/affairs/ow/Bericht und Antrag_Interpellation_Denkmalschutz_Wohnhaeuser_Antwort.pdf,,,,02.12.2010 - Kantonsratssitzung
110,2010-12-02,100,INTER,PROCE,54.10.02,20,,209,Urs Küchler,Interpellation betreffend Vorprüfungsbericht des Kantons betreffend Teilrevision der Ortsplanung Sarnen,,,,,,,,,,,import/affairs/ow/Interpellation_Interpellation_Ortsplanung_Sarnen.pdf,import/affairs/ow/Interpellation_Interpellation_Ortsplanung_Sarnen_Antwort.pdf,,,,02.12.2010 - Kantonsratssitzung
111,2011-01-27,100,INTER,PROCE,54.10.04,7,,210,Jürg Berlinger,Interpellation betreffend Umsetzung der Initiative durch den Regierungsrat nach der kantonalen Hochwasserschutz-Abstimmung vom 26. September 2010,,,,,,,,,,,import/affairs/ow/Interpellation_Interpellation_Hochwasser.pdf,import/affairs/ow/Interpellation_Interpellation_Hochwasser_Antwort.pdf,,,,27.01.2011 - Kantonsratssitzung
112,2011-01-27,100,INTER,PROCE,54.10.05,33,,211,Ruth Koch-Niederberger,Interpellation betreffend Auswirkungen der Projektänderung beim geplanten Doppelspurausbau der Zentralbahn in Hergiswil,,,,,,,,,,,import/affairs/ow/Interpellation_Interpellation_Zentralbahn.pdf,import/affairs/ow/Interpellation_Interpellation_Zentralbahn_Antwort.pdf,,,,27.01.2011 - Kantonsratssitzung
113,2011-03-07,100,MOTIO,PROCE,52.10.07,8,?,,Rechtspflegekommission,Motion betreffend Zusammenarbeit bei der Strafverfolgung von Wirtschaftsdelikten,,,,,,1,,,,,import/affairs/ow/Motion_Motion_Strafverfolgung_Wirtschaftsdelikte.pdf,import/affairs/ow/Motion_Motion_Wirtschaftsdelikte_Antwort.pdf,,,,17.03.2011 - Kantonsratssitzung
114,2011-03-17,100,INTER,PROCE,54.11.01,26,,212,Maya Büchi-Kaiser,Interpellation betreffend Lohngleichheit für Frau und Mann,,,,,,,,,,,import/affairs/ow/Interpellation_Interpellation_Lohngleichheit.pdf,import/affairs/ow/Interpellation_Interpellation_Lohngleichheit_Antwort.pdf,,,,17.03.2011 - Kantonsratssitzung
115,2011-03-17,100,MOTIO,PROCE,52.10.09,12,,213,Urs Keiser,Motion betreffend Neuregelung der kantonalen Schulferien,,,,,,0,,,,,import/affairs/ow/Motion_Motion_Schulferien.pdf,import/affairs/ow/Motion_Motion_Schulferien_Antwort.pdf,import/affairs/ow/Motion_Motion_Schulferien_Tabellen.pdf,,,17.03.2011 - Kantonsratssitzung
116,2011-03-17,100,MOTIO,PROCE,52.10.08,43,,211,Ruth Koch-Niederberger,Motion betreffend Aufgabenteilung und veränderte Finanzierung,,,,,,,,1,,,import/affairs/ow/Motion_Motion_Aufgabenteilung.pdf,import/affairs/ow/Motion_Motion_Aufgabenteilung_Antwort.pdf,,,,17.03.2011 - Kantonsratssitzung
117,2011-04-14,100,INTER,PROCE,54.11.02,25,,126,Albert Sigrist,Interpellation betreffend Neubau Bettentrakt Spital Obwalden mit einheimischem Holz,,,,,,,,,,,import/affairs/ow/Interpellation_Interpellation_Bettentrakt_Holz.pdf,import/affairs/ow/Interpellation_Interpellation_Bettentrakt_Holz_Antwort.pdf,,,,14.04.2011 - Kantonsratssitzung
118,2011-04-14,100,MOTIO,PROCE,52.11.02,7,,214,Susanne Burch Windlin,Motion betreffend Einführung von Einbürgerungskommissionen,,,,,,,,1,,,import/affairs/ow/Motion_Motion_Einbuergerungskommission.pdf,import/affairs/ow/Motion_Motion_Einbuergerungskommssion_Antwort.pdf,,,,14.04.2011 - Kantonsratssitzung
119,2011-05-26,100,INTER,PROCE,54.11.04,31,,117,Veronika Wagner-Hersche,"Interpellation betreffend Trägerschaft für das Hilfsangebot ""Pro Juventute Beratung und Hilfe 147""",,,,,,,,,,,import/affairs/ow/Interpellation_Interpellation_Pro_Juventute.pdf,import/affairs/ow/Interpellation_Interpellation_Pro_Juventute_Antwort.pdf,,,,26.05.2011 - Kantonsratssitzung
120,2011-05-26,100,INTER,PROCE,54.11.03,5,,211,Ruth Koch-Niederberger,Interpellation zur Verkehrssicherheit bei der Kantonsschule Obwalden,,,,,,,,,,,import/affairs/ow/Interpellation_Interpellation_Verkehrssicherheit.pdf,import/affairs/ow/Interpellation_Interpellation_Verkehrssicherheit_Antwort.pdf,,,,26.05.2011 - Kantonsratssitzung
121,2011-04-14,100,MOTIO,PROCE,52.11.01,43,,215,Lukas Küng Alpnach,Motion betreffend Abschaffung der Baubewilligungspflicht für kleinere Solaranlagen (Sonnen-kollektoren zur Warmwassererzeugung und Photovoltaikanlagen zur Stromerzeugung),,,,,,0,,,,,import/affairs/ow/Motion_Motion_Solaranlagen.pdf,import/affairs/ow/Motion_Motion_Solaranlagen_Antwort.pdf,,,,14.04.2011 - Kantonsratssitzung
122,2011-09-29,100,PMOTI,PROCE,52.11.03,,,,,Volksmotion betreffend befristete finanzielle Beteiligung an den Kosten der Pflegefinanzierung eingereicht von sämtlichen Einwohnergemeinderäten des Kantons Obwalden,,,,,,0,,,,,import/affairs/ow/Bericht und Antrag_Volksmotion.pdf,import/affairs/ow/Bericht und Antrag_Volksmotion_Mitbericht_RR.pdf,import/affairs/ow/Bericht und Antrag_Volksmotion_KRB.pdf,,,29.09.2011 - Kantonsratssitzung
123,2011-07-01,100,POSTU,PROCE,53.11.01,22,,216,Guido Steudler,Postulat betreffend nachhaltig sicherer und rentabler Spitalbetrieb dank Einbettzimmern im Neubau Bettentrakt des Kantonsspitals Obwalden,,,,,,0,,,,,import/affairs/ow/Postulat_Postulat_Spital_Einbettzimmer.pdf,import/affairs/ow/Postulat_Postulat_Spital_Einbettzimmer_Antwort.pdf,,,,01.07.2011 - Kantonsratssitzung
124,2011-09-29,100,INTER,PROCE,54.11.05,31,,126,Albert Sigrist,Interpellation betreffend Energie-Vision Obwalden,,,,,,,,,,,import/affairs/ow/Bericht und Antrag_Interpellation.pdf,import/affairs/ow/Bericht und Antrag_Interpellation_Energie-Vision_Antwort.pdf,,,,29.09.2011 - Kantonsratssitzung
125,2011-11-03,100,POSTU,PROCE,53.11.02,1,,138,Max Rötheli,"Postulat betreffend Aufhebung oder Neufassung der kantonalen Campingverordnung von Max Rötheli, Sarnen und Paul Küchler, Sarnen",,,,,,1,,,,,import/affairs/ow/Postulat_Postulat_Campingverordnung.pdf,import/affairs/ow/Postulat_Postulat_Campingverordnung_Antwort.pdf,,,,03.11.2011 - Kantonsratssitzung
126,2011-11-03,100,MOTIO,PROCE,52.11.04,12,,200,Walter Wyrsch,"Motion betreffend Beiträge an Ausbildungsinstitutionen der Langzeitpflege von Walter Wyrsch, Alpnach und Mitunterzeichnende",,,,,,0,,,,,import/affairs/ow/Motion_Motion_Langzeitpflege.pdf,import/affairs/ow/Motion_Motion_Langzeitpflege_Antwort.pdf,,,,03.11.2011 - Kantonsratssitzung
127,2011-12-01,100,INTER,PROCE,54.11.07,11,,217,Nicole Wildisen,Interpellation betreffend Streichung des Italienisch als Schwerpunktfach,,,,,,,,,,,import/affairs/ow/Bericht und Antrag_Interpellation_Italienisch.pdf,import/affairs/ow/Bericht und Antrag_Interpellation_Italiensich__Antwort.pdf,,,,02.12.2011 - Kantonsratssitzung
128,2012-01-26,100,MOTIO,PROCE,52.11.05,12,,211,Ruth Koch-Niederberger,Motion Standesinitiative Kernenergiegesetz,,,,,,0,,,,,import/affairs/ow/14.20.2126.06.2020,,,,,26.01.2012 - Kantonsratssitzung
129,2012-01-26,100,INTER,PROCE,54.11.09,6,,126,Albert Sigrist,Interpellation Zukunft Spital Obwalden,,,,,,,,,,,import/affairs/ow/Bericht und Antrag_Interpellation_Zukunft_Spital.pdf,import/affairs/ow/Bericht und Antrag_Interpellation_Zukunft_Spital_Antwort.pdf,,,,26.01.2012 - Kantonsratssitzung
130,2012-01-26,100,INTER,PROCE,54.11.10,12,,208,Paul Vogler,Interpellation Auswirkungen der eidgenössischen Gewässerschutzverordnung,,,,,,,,,,,import/affairs/ow/Bericht und Antrag_Interpellation_Gewaesserschutz.pdf,import/affairs/ow/Bericht und Antrag_Interpellation_Gewaesserschutz_Antwort.pdf,,,,26.01.2012 - Kantonsratssitzung
131,2012-01-26,100,INTER,PROCE,54.11.08,7,,138,Max Rötheli,Interpellation Biodiversitätsziele,,,,,,,,,,,import/affairs/ow/Bericht und Antrag_Interpellation_Biodiversitat.pdf,import/affairs/ow/Bericht und Antrag_Interpellation_Biodiversitat_Antwort.pdf,,,,26.01.2012 - Kantonsratssitzung
132,2012-01-26,100,POSTU,PROCE,53.11.04,37,,120,Peter Wälti,Postulat Energieverbrauch,,,,,,1,,,,,import/affairs/ow/Bericht und Antrag_Postulat_Energieverbrauch.pdf,import/affairs/ow/Bericht und Antrag_Postulat_Energieverbrauch_Antwort.pdf,,,,26.01.2012 - Kantonsratssitzung
133,2012-01-26,100,INTER,PROCE,54.11.06,7,,218,Leo Spichtig CSP,Interpellation Massnahmen gegen Todesopfer,,,,,,,,,,,import/affairs/ow/Bericht und Antrag_Interpellation_Todesopfer_A8.pdf,import/affairs/ow/Bericht und Antrag_Interpellation_Todesopfer_A8_Antwort.pdf,,,,26.01.2012 - Kantonsratssitzung
134,2012-01-26,100,POSTU,PROCE,53.11.06,28,,209,Urs Küchler,Postulat betreffend Verbot von Tabakverkauf,,,,,,1,,,,,import/affairs/ow/Bericht und Antrag_Postulat_Tabakverkauf.pdf,import/affairs/ow/Bericht und Antrag_Postulat_Tabakverkauf_Antwort.pdf,,,,26.01.2012 - Kantonsratssitzung
135,2012-05-30,100,POSTU,PROCE,53.12.01,26,,219,Boris Camenzind Sarnen,Postulat betreffend Schaffung einer Ombudsstelle für die Kantonale Verwaltung und die Gerichte,,,,,,1,,,,,import/affairs/ow/Bericht und Antrag_Postulat_Ombudsstelle.pdf,import/affairs/ow/Bericht und Antrag_Postulat_Ombudsstelle_Antwort.pdf,,,,31.05.2012 - Kantonsratssitzung
136,2012-05-30,100,MOTIO,PROCE,52.12.04,26,,219,Boris Camenzind Sarnen,Motion betreffend Schaffung zweier personell unabhängiger Gerichtspräsidien im Ober- und Verwaltungsgericht mit gegenseitiger Stellvertretung,,,,,,1,,,,,import/affairs/ow/Motion_Gerichtspraesidien_Motion_und_Antwort.pdf,,,,,31.05.2012 - Kantonsratssitzung
137,2012-05-30,100,MOTIO,PROCE,52.12.03,20,,125,Peter Seiler,Motion Gewässerschutz Motion betreffend Revision des Bundesgesetzes über den Schutz der Gewässer (GSchG) und der dazugehörigen Verordnung,,,,,,0,,,,,import/affairs/ow/Motion_Gewasserschutz___Antwort.pdf,,,,,31.05.2012 - Kantonsratssitzung
138,2012-05-03,100,INTER,PROCE,54.12.01,9,,126,Albert Sigrist,"Interpellation betreffend „Sein Wille geschehe“ von der SVP-Fraktion, Erstunterzeichner Albert Sigrist, Giswil",,,,,,,,,,,import/affairs/ow/Interpellation_Interpellation_Sein_Wille.pdf,import/affairs/ow/Interpellation_Interpellation_Sein_Wille_Antwort.pdf,,,,15.03.2012 - Kantonsratssitzung
139,2012-05-03,100,MOTIO,PROCE,52.11.06,49,,120,Peter Wälti,"Motion betreffend Baubewilligungsverfahren von Bruno Furrer, Lungern und Peter Wälti, Giswil und Mitunterzeichnende",,,,,,1,,,,,import/affairs/ow/Motion_Motion_Baubewilligungsverfahren.pdf,import/affairs/ow/Motion_Motion_Baubewilligungsverfahren_Antwort.pdf,,,,15.03.2012 - Kantonsratssitzung
140,2012-05-30,100,MOTIO,PROCE,52.12.02,9,,201,Willy Fallegger (SVP),Motion betreffend gerechtere Kostenverteilung beim Vollanschluss A8 in Alpnach,,,,,,0,,,,,import/affairs/ow/Motion_Motion_Vollanschluss_Alpnach.pdf,import/affairs/ow/Motion_Motion_Vollanschluss_Alpnach_Antwort.pdf,,,,31.05.2012 - Kantonsratssitzung
141,2012-05-30,100,MOTIO,PROCE,52.12.01,32,?,207,Klaus Wallimann Rechnungsprüfunkom,Motion betreffend vorübergehende Kompensation der rückläufigen Mineralölsteueranteile für die Einwohnergemeinden und übrigen öffentlich-rechtlichen Körperschaften,,,,,,0,,,,,import/affairs/ow/Motion_Motion_Mineraloelsteuer.pdf,import/affairs/ow/Motion_Motion_Mineraloelsteuer_Antwort.pdf,,,,31.05.2012 - Kantonsratssitzung
142,2012-06-29,100,POSTU,PROCE,53.12.02,5,,217,Nicole Wildisen,Postulat betreffend Italienisch als Grundlagenfach an der Kantonsschule Obwalden,,,,,,0,,,,,import/affairs/ow/Postulat_Italienisch_Beantwortung.pdf,,,,,29.06.2012 - Eröffnungssitzung des Kantonsrats
143,2012-10-24,100,INQUI,PROCE,55.12.01,16,,218,Leo Spichtig CSP,Anfrage betreffend Firmen und Geschäftssitze in OW,,,,,,,,,,,import/affairs/ow/Anfrage_Firmen_in_OW.pdf,,,,,
144,2012-09-13,100,INTER,PROCE,54.12.02,11,,218,Leo Spichtig CSP,Interpellation betreffend mehr Belegärztinnen und Belegärzte am Kantonsspital Obwalden,,,,,,,,,,,import/affairs/ow/Interpellation_Interpellation_Belegaerzte.pdf,import/affairs/ow/Interpellation_Interpellation_Belegaerzte_Antwort.pdf,,,,13.09.2012 - Kantonsratssitzung
145,2012-09-13,100,INTER,PROCE,54.12.03,10,,220,Walter Küchler,Interpellation betreffend Qualität im Unterricht – „Keine Angaben“,,,,,,,,,,,import/affairs/ow/Interpellation_Interpellation_KS_Unterricht.pdf,import/affairs/ow/Interpellation_Interpellation_Qualitat_im_Unterricht_Antwort.pdf,,,,13.09.2012 - Kantonsratssitzung
146,2012-10-24,100,INTER,PROCE,54.12.04,23,,221,Hampi Lussi-Berwert,Interpellation betreffend Einsatzbereitschaft der Kantonspolizei OW,,,,,,,,,,,import/affairs/ow/Interpellation_Interpellation_Einsatzbereitschaft_Kapo.pdf,import/affairs/ow/Interpellation_Interpellation_Einsatzbereitschaft_Kapo_Antwort.pdf,,,,24.10.2012 - Kantonsratssitzung
147,2012-12-06,100,MOTIO,PROCE,52.12.06,4,,217,Nicole Wildisen,Motion betreffend familienergänzende Betreuung für Kinder ab Kindergartenalter,,,,,,,,1,,,import/affairs/ow/Motion_Motion_Kinderbetreuung.pdf,import/affairs/ow/Motion_Motion_Kinderbetreuung_Antwort.pdf,,,,06.12.2012 - Kantonsratssitzung
148,2012-12-06,100,POSTU,PROCE,53.12.03,18,,213,Urs Keiser,Postulat betreffend Fremdsprachenunterricht auf der Mittelstufe,,,,,,0,,,,,import/affairs/ow/Postulat_Postulat_Fremdsprachen_Mittelstufe.pdf,import/affairs/ow/Postulat_Postulat_Fremdsprachen_Mittelstufe_Antwort.pdf,,,,06.12.2012 - Kantonsratssitzung
149,2013-01-31,100,MOTIO,PROCE,52.12.07,5,,202,Peter Wechsler Kerns,Motion betreffend Alterspolitik in OW - der Kanton übernimmt Verantwortung und erarbeitet eine Gesamtstrategie,,,,,,,,1,,,import/affairs/ow/Motion_Motion_Alterspolitik.pdf,import/affairs/ow/Motion_Motion_Alterspolitik_Antwort.pdf,,,,31.01.2013 - Kantonsratssitzung
150,2013-03-14,100,INTER,PROCE,54.12.05,5,,211,Ruth Koch-Niederberger,Interpellation betreffend die Auswirkungen des weiteren Ausbaus der A8,,,,,,,,,,,import/affairs/ow/Interpellation_Interpellation_Ausbau_A8.pdf,import/affairs/ow/Interpellation_Interpellation_Ausbau_A8_Antwort.pdf,import/affairs/ow/Interpellation_Interpellation_Ausbau_A8_Verkehrsstatistik.pdf,,,14.03.2013 - Kantonsratssitzung
151,2013-03-14,100,MOTIO,PROCE,52.12.08,9,,222,Pia Berchtold-von Wyl,Motion betreffend verbindliche Einführung des freiwilligen 2-Jahres Kindergartens für alle Gemeinden im Kanton Obwalden,,,,,,0,,,,,import/affairs/ow/Motion_Motion_Kindergarten.pdf,import/affairs/ow/Motion_Motion_Kindergarten_Antwort.pdf,,,,14.03.2013 - Kantonsratssitzung
152,2013-03-14,100,INTER,PROCE,54.13.01,15,,223,Werni Birrer SVP,Interpellation betreffend Möglichkeiten der Einflussnahme des Kantons bei der vom Bund bzw. VBS geplanten Einquartierung von Asyluntersuchenden bei der Truppenunterkunft „Kleine Schliere“ in Alpnach,,,,,,,,,,,import/affairs/ow/Interpellation_Interpellation_Asylunterkunft.pdf,import/affairs/ow/Interpellation_Interpellation_Asylunterkunft_Antwort.pdf,,,,14.03.2013 - Kantonsratssitzung
153,2013-03-14,100,MOTIO,PROCE,52.13.01,?,,126,Albert Sigrist,Motion betreffend Besetzung der RPK,,,,,,,,1,,,import/affairs/ow/RRB_Nr._472.pdf,import/affairs/ow/14.20.2126.06.2020,,,,
154,2013-04-25,100,INTER,PROCE,54.13.02,17,,210,Jürg Berlinger,Interpellation betreffend Vorgehensweise und Terminplan für den Variantenentscheid des Hochwasserschutzprojekts Sarneraatal,,,,,,,,,,,import/affairs/ow/Bericht und Antrag_Interpellation_Terminplan_Hochwasserschutz.pdf,import/affairs/ow/Bericht und Antrag_Interpellation_Terminplan_Hochwasserschutz_Antwort.pdf,,,,25.04.2013 - Kantonsratssitzung
155,2013-05-23,100,INTER,PROCE,54.13.04,40,,221,Hampi Lussi-Berwert,Interpellation betreffend Bauen ausserhalb der Bauzonen,,,,,,,,,,,import/affairs/ow/Interpellation_Interpellation_Bauen_ausserhalb.pdf,import/affairs/ow/Interpellation_Interpellation_Bauen_ausserhalb_Antwort.pdf,,,,23.05.2013 - Kantonsratssitzung
156,2013-05-23,100,MOTIO,PROCE,52.13.01,10,,126,Albert Sigrist,Motion betreffend Besetzung der Rechtspflegekommission,,,,,,,,1,,,import/affairs/ow/Motion_Motion_RPK.pdf,import/affairs/ow/Motion_Motion_RPK_Antwort.pdf,,,,23.05.2013 - Kantonsratssitzung
157,2013-06-28,100,INTER,PROCE,54.13.03,17,,153,Ambros Albert-Kathriner,Interpellation betreffend Schäden durch Hirsche während den Wintermonaten,,,,,,,,,,,import/affairs/ow/Interpellation_Interpellation_Hirschschaeden.pdf,import/affairs/ow/Interpellation_Interpellation_Hirschschaeden_Antwort.pdf,,,,28.06.2013 - Kantonsratssitzung
158,2013-05-28,100,INTER,PROCE,54.13.05,30,,212,Maya Büchi-Kaiser,Interpellation betreffend die Auswirkungen der Annahme der Volksinitiative „1:12 für gerechtere Löhne“ auf den Kanton und die Gemeinden im Kanton Obwalden,,,,,,,,,,,import/affairs/ow/Interpellation_Interpellation_Volksinitiative_1-12.pdf,import/affairs/ow/Interpellation_Interpellation_Volksinitiative_1-12_Antwort.pdf,,,,28.06.2013 - Kantonsratssitzung
159,2013-05-23,100,MOTIO,PROCE,52.13.03,3,,141,Helen Keiser-Fürrer,Motion betreffend Änderung des Abstimmungsgesetzes Artikel 33,,,,,,0,,,,,import/affairs/ow/Motion_Motion_Abstimmungsgesetz.pdf,import/affairs/ow/Motion_Motion_Abstimmungsgesetz_Antwort.pdf,,,,
160,2013-06-28,100,MOTIO,PROCE,52.13.02,34,,126,Albert Sigrist,Motion betreffend Staatsgarantie für Schweizer/Obwaldner Holz,,,,,,1,,,,,import/affairs/ow/Motion_Motion_Staatsgarantie_Holz.pdf,import/affairs/ow/Motion_Motion_Staatsgarantie_Holz_Antwort.pdf,,,,28.06.2013 - Kantonsratssitzung
161,2013-09-12,100,INTER,PROCE,54.13.07,6,,224,Margrit Freivogel-Kayser,Interpellation betreffend Kostenverteilung und Unterhalt im Gesetz über die Regelung der Abflussverhältnisse des Sarnersees zur Hochwassersicherheit des Sarneraatals,,,,,,,,,,,import/affairs/ow/Interpellation_Interpellation_Kostenverteilung_Hochwassersicherheit.pdf,import/affairs/ow/Interpellation_Interpellation_Kostenverteilung_Hochwassersicherheit_Antwort.pdf,,,,
162,2013-05-23,100,INQUI,PROCE,55.13.02,5,,136,Eva Morger,"Anfrage betreffend Kontrolltätigkeit bezüglich der Arbeits-, Lenk- und Ruhezeiten der berufsmässigen Motorfahrzeugführerinnen und-fürher",,,,,,,,,,,import/affairs/ow/55.13.0223.05.2013_Anfrage_betreffend_Kontrolltaetigkeit_bezueglich_der_Arbeits-_Lenk-__udn_Ruhezieten.pdf,import/affairs/ow/55.13.0223.05.2013_Beantwortung_des_Regierungsrats.pdf,,,,
163,2013-09-12,100,INTER,PROCE,54.13.06,0,,138,Max Rötheli,Interpellation betreffend Hochwasser-Regime Lungerersee,,,,,,,,,,,import/affairs/ow/Interpellation_Interpellation_Hochwasser-Regime_Lungerersee.pdf,import/affairs/ow/Interpellation_Interpellation_Hochwasser-Regime_Lungerersee_Antwort.pdf,,,,12.09.2013 - Kantonsratssitzung
164,2013-09-12,100,MOTIO,PROCE,52.13.04,12,?,,Kommission Steuergesetz,Motion betreffend Auswirkungen der Steuerstrategie auf die Raumentwicklung und den Verkehr in Obwalden,,,,,,,,1,,,import/affairs/ow/Motion_Motion_Auswirkungen_Steuerstrategie_Antwort.pdf,import/affairs/ow/Motion_Motion_auswirkungen_steuerstra.pdf,,,,12.09.2013 - Kantonsratssitzung
165,2013-12-05,100,INTER,PROCE,54.13.09,0,,210,Jürg Berlinger,"Interpellation betreffend ""Scheitert die Realisierung des Hochwasserschutz Projekt Sarneraatal jetzt an der Finanzierung?""",,,,,,,,,,,import/affairs/ow/Interpellation_Interpellation_Hochwasserschutz.pdf,import/affairs/ow/Interpellation_Interpellation_Hochwasserschutz_Antwort.pdf,,,,05.12.2013 - Kantonsratssitzung
166,2013-12-05,100,MOTIO,PROCE,54.13.05,35,,218,Leo Spichtig CSP,Motion betreffend Massnahmen gegen zusätzliche Todesopfer auf der Nationalstrasse A8 (Abschnitt Sarnen Nord/Alpnachstad),,,,,,1,,,,,import/affairs/ow/Bericht und Antrag_Motion__Massnahmen_A8.pdf,import/affairs/ow/Bericht und Antrag_Motion_Massnahmen_A8_Antwort.pdf,,,,05.12.2013 - Kantonsratssitzung
167,2013-12-05,100,INTER,PROCE,54.13.08,1,,213,Urs Keiser,Interpellation betreffend Frühfranzösisch: Was macht der Kanton Obwalden?,,,,,,,,,,,import/affairs/ow/Interpellation_Interpellation_Fruhfranzosisch.pdf,import/affairs/ow/Interpellation_Interpellation_Fruehfranzoesisch_Antwort.pdf,,,,05.12.2013 - Kantonsratssitzung
168,2013-12-05,100,POSTU,PROCE,53.13.02,30,,153,Ambros Albert-Kathriner,Postulat betreffend für eine sinnvolle Verwertung von Schwemmholz,,,,,,,,,,,import/affairs/ow/53.13.0205.12.2013_Antwort_des_Regierungsrats.pdf,import/affairs/ow/53.13.0205.12.2013_Postulat_Schwemmholz.pdf,,,,20.03.2014 - Kantonsratssitzung
169,2013-12-05,100,INTER,PROCE,54.13.11,23,,127,Hubert Schumacher,Interpellation betreffend angekündigte Aufgabe des Ausbildungsstandortes und Truppenlagers Langis-Glaubenberg durch den Bund per 2017,,,,,,,,,,,import/affairs/ow/54.13.1105.12.2013_Antwort_des_Regierungsrats.pdf,import/affairs/ow/54.13.1105.12.2013_Interpellation_Glaubenberg_Truppenlager_KR_H._Schumacher.pdf,,,,30.01.2014 - Kantonsratssitzung
170,2013-12-05,100,INTER,PROCE,54.13.12,20,,221,Hampi Lussi-Berwert,Interpellation betreffend sanierte Schwanderstrasse - ein Flickwerk mit Steuergeldern?,,,,,,,,,,,import/affairs/ow/54.13.1205.12.2013_Antwort_des_Regierungsrats.pdf,import/affairs/ow/54.13.1205.12.2013_Beilage_Situationsplan.pdf,import/affairs/ow/54.13.1205.12.2013_Interpellation_Schwanderstrasse.pdf,,,30.01.2014 - Kantonsratssitzung
171,2013-12-05,100,INTER,PROCE,54.13.10,21,,225,Christoph Amstad-Bucher,Interpellation betreffend Schliessung Schiessplatz und Truppenlager Glaubenberg,,,,,,,,,,,import/affairs/ow/54.13.1005.12.2013_Antwort_des_Regierungsrats.pdf,import/affairs/ow/54.13.1005.12.2013_Interpellation_Glaubenberg_Truppenlager_KR_Ch._Amstad.pdf,,,,30.01.2014 - Kantonsratssitzung
172,2014-03-20,100,MOTIO,PROCE,52.14.02,1,,226,Daniel Wyler,Motion betreffend Naturgefahrenfonds Obwalden,,,,,,,,1,,,import/affairs/ow/52.14.0220.03.2014_Antwort_des_Regierungsrats.pdf,import/affairs/ow/52.14.0220.03.2014_Motion_Naturgefahrenfonds.pdf,,,,21.05.2014 - Kantonsratssitzung
173,2014-01-30,100,INTER,PROCE,54.14.01,17,,227,Lisbeth Berchtold-Durrer,Interpellation betreffend Verlegung kleine Melchaa,,,,,,,,,,,import/affairs/ow/54.14.0130.01.2014_Antwort_des_Regierungsrats.pdf,import/affairs/ow/54.14.0130.01.2014_Interpellation_Melchaa.pdf,,,,16.04.2014 - Kantonsratssitzung
174,2014-01-30,100,MOTIO,PROCE,52.14.01,16,,126,Albert Sigrist,Motion betreffend KAP (Konsolidierungs- und Aufgabenüberprüfungspaket) 2014,,,,,,,,,,,import/affairs/ow/52.14.0130.01.2014_Antwort_des_Regierungsrats.pdf,import/affairs/ow/52.14.0130.01.2014_Motion_KAP.pdf,,,,16.04.2014 - Kantonsratssitzung
175,2014-04-16,100,INTER,PROCE,54.14.03,25,,211,Ruth Koch-Niederberger,Interpellation betreffend die Situation für Menschen mit Beeinträchtigung nach Einführung der NFA,,,,,,,,,,,import/affairs/ow/54.14.0316.04.2014_Antwort_des_Regierungsrats.pdf,import/affairs/ow/54.14.0316.04.2014_Interpellation_betreffend_die_Situation_fuer_Menschen_mit_Beeintraechtigung_nach_Einfuehrung_der_NFA.pdf,,,,27.06.2014 - Kantonsratssitzung (Eröffnungssitzung der Amtsdauer 2014 bis 2018)
176,2014-03-20,100,INTER,PROCE,54.14.02,3,,228,Sepp Stalder,"Interpellation Umfahrung Kaiserstuhl, wann und wie geht es weiter?",,,,,,,,,,,import/affairs/ow/54.14.0220.03.2014_Antwort_des_Regierungsrats.pdf,import/affairs/ow/54.14.0220.03.2014_Beilage_1__Variantenstudium.pdf,import/affairs/ow/54.14.0220.03.2014_Beilage_2_Situation_Generelles_Projekt.pdf,import/affairs/ow/54.14.0220.03.2014_Beilage_3_Unfallstatitistik_01.01.2010-31.05.2014.pdf,import/affairs/ow/Interpellation_Kaiserstuhl.pdf,27.06.2014 - Kantonsratssitzung (Eröffnungssitzung der Amtsdauer 2014 bis 2018)
177,2014-04-16,100,MOTIO,PROCE,52.14.03,6,,207,Klaus Wallimann,"Motion betreffend Hochwasserschutzprojekt Sarneraa, Gemeinde Alpnach",,,,,,,,1,,,import/affairs/ow/52.14.0316.04.2014_Antwort_des_Regierungsrats.pdf,import/affairs/ow/52.14.0316.04.2014_Motion_Hochwasserschutz_Alpnach.pdf,,,,27.06.2014 - Kantonsratssitzung (Eröffnungssitzung der Amtsdauer 2014 bis 2018)
178,2014-04-16,100,MOTIO,PROCE,52.14.04,24,,125,Peter Seiler,Motion betreffend Änderung des Konkordatsvertrages des Laboratoriums der Urkantone,,,,,,0,,,,,import/affairs/ow/52.14.0416.04.2014_Anntwort_des_Regierungsrats.pdf,import/affairs/ow/52.14.0416.04.2014_Motion_Konkordat_LdU.pdf,,,,27.06.2014 - Kantonsratssitzung (Eröffnungssitzung der Amtsdauer 2014 bis 2018)
179,2014-05-21,100,INTER,PROCE,54.14.04,43,,229,Hans-Melk Reinhard,Interpellation betreffend Nationale Schneesportzentrum Engelberg,,,,,,,,,,,import/affairs/ow/54.14.0421.05.2014_Antwort_des_Regierungsrats.pdf,import/affairs/ow/54.14.0421.05.2014_Interpellation_Schneesportzentrum_Engelberg.pdf,,,,27.06.2014 - Kantonsratssitzung (Eröffnungssitzung der Amtsdauer 2014 bis 2018)
180,2014-08-29,100,MOTIO,PROCE,52.14.05,3,,230,Bruno Furrer,Dringliche Motion betreffend Weiterführung des Ausführungsprojektes der Umfahrung N8 Lungern Nord-Giswil Süd,,,,,1,,,,,,import/affairs/ow/Dringliche_Motion_Projekt_Umfahrung_N8.pdf,,,,,11.09.2014 - Kantonsratssitzung
181,2014-06-27,100,INTER,PROCE,54.14.06,10,,153,Ambros Albert-Kathriner,Interpellation betreffend Massnahmen gegen Hundekot und Aludosen im Wiesland,,,,,,,,,,,import/affairs/ow/54.14.0627.06.2014_Antwort_des_Regierungsrats.pdf,import/affairs/ow/54.14.0627.06.2014_Interpellation_Hundekot_und_Aludosen.pdf,,,,11.09.2014 - Kantonsratssitzung
182,2014-06-27,100,INTER,PROCE,54.14.05,36,,213,Urs Keiser,Interpellation betreffend Stand Radwegkonzept,,,,,,,,,,,import/affairs/ow/54.14.0527.06.2014_Antwort_des_Regierungsrats.pdf,import/affairs/ow/54.14.0527.06.2014_Interpellation_Radwegkonzept.pdf,,,,23.10.2014 - Kantonsratssitzung
183,2014-10-23,100,INQUI,PROCE,55.14.02,0,,131,Dominik Rohrer,Anfrage betreffend Beteilung des Kantons an Swissgrid,,,,,,,,,,,import/affairs/ow/55.14.0223.10.2014_Anfrage_Beteiligung_Kanton_Swissgrid.pdf,import/affairs/ow/55.14.0223.10.2014_Beantwortung_des_Regierungsrats.pdf,import/affairs/ow/55.14.0223.10.2014_Beantwortung_des_Regierungsrats_-_Beilage.pdf,,,
184,2014-09-11,100,INQUI,PROCE,55.14.01,12,,126,Albert Sigrist,"Anfrage betreffend ""Was passiert mit der Motion KAP 2014?""",,,,,,,,,,,import/affairs/ow/55.14.0111.09.2014_Anfrage_betreffend_Motion_KAP_2014.pdf,import/affairs/ow/55.14.0111.09.2014_Beantwortung_des_Regierungsrats.pdf,,,,
185,2014-10-23,100,INTER,PROCE,54.14.07,38,,125,Peter Seiler,Interpellation betreffend Baukultur in Obwalden,,,,,,,,,,,import/affairs/ow/54.14.0723.10.2014_Antwort_des_Regierungsrats.pdf,import/affairs/ow/54.14.0723.10.2014_Interpellation_Baukultur_in_Obwalden.pdf,,,,04.12.2014 - Kantonsratssitzung
186,2015-01-29,100,INTER,PROCE,54.15.01,22,,231,Monika Rüegger,Interpellation betreffend Beibehaltung Ferienregelung Engelberg,,,,,,,,,,,import/affairs/ow/54.15.0129.01.2015_Antwort_des_Regierungsrats.pdf,import/affairs/ow/54.15.0129.01.2015_Interpellation_betreffend_Beibehaltung_Ferienregelung_Engelberg.pdf,,,,12.03.2015 - Kantonsratssitzung
187,2014-12-04,100,POSTU,PROCE,53.14.01,5,,138,Max Rötheli,Postulat betreffend angepasste Bedingungen für junge Pflegebedürftige,,,,,,1,,,,,import/affairs/ow/53.14.0104.12.2014_Antwort_des_Regierungsrats.pdf,import/affairs/ow/53.14.0104.12.2014_Postulat_betreffend_Bedingungen_fuer_junge_Pflegebeduerftige.pdf,,,,12.03.2015 - Kantonsratssitzung
188,2014-12-04,100,MOTIO,PROCE,52.14.06,42,,120,Peter Wälti,Motion betreffend Reglement zum Schutz- und Nutzungsplan der nationalen Auen Steinibach Giswil / Sarnen und Auen Laui Giswil,,,,,,0,,,,,import/affairs/ow/52.14.0604.12.2014_Antwort_des_Regierungsrats.pdf,import/affairs/ow/52.14.0604.12.2014_Motion_betreffend_Reglement_Auen.pdf,,,,12.03.2015 - Kantonsratssitzung
189,2015-04-23,100,POSTU,PROCE,32.14.20,38,,207,Klaus Wallimann,Postulat betreffend Wirkung des innerkantonalen Finanzausgleichs,,,,,,1,,,,,import/affairs/ow/32.14.2023.04.2015_Antwort_des_Regierungsrats.pdf,import/affairs/ow/32.14.2023.04.2015_Bericht.pdf,import/affairs/ow/32.14.2023.04.2015_KRB_Endversion.pdf,import/affairs/ow/32.14.2023.04.2015_KRB_Vorlage.pdf,import/affairs/ow/Postulat_Finanzausgleich.pdf,20.03.2014 - Kantonsratssitzung
190,2015-03-12,100,INTER,PROCE,54.15.02,44,,230,Bruno Furrer,Interpellation betreffend Ersatz Wärmeverbund Sarnen,,,,,,,,,,,import/affairs/ow/54.15.0212.03.2015_Antwort_des_Regierungsrats.pdf,import/affairs/ow/54.15.0212.03.2015_Interpellation_Ersatz_Waermeverbund_Sarnen.pdf,,,,23.04.2015 - Kantonsratssitzung
191,2015-04-23,100,INTER,PROCE,54.15.03,33,,232,Markus Ettlin,Interpellation betreffend neue Regionalpolitik (NRP) Förderperiode 2016 - 2019,,,,,,,,,,,import/affairs/ow/54.15.0323.04.2015_Antwort_des_Regierugnsrats.pdf,import/affairs/ow/54.15.0323.04.2015_Interpellation_betreffend_Neue_Regionalpolitik.pdf,,,,19.06.2015 - Kantonsratssitzung (Eröffnungssitzung Amtsjahr 2015/2016)
192,2015-05-27,100,INTER,PROCE,54.15.06,14,,127,Hubert Schumacher,"Interpellation betreffend Ausreisezentrum für Asylbewerber im Truppenlager Langis-Glaubenberg, Sarnen",,,,,,,,,,,import/affairs/ow/54.15.0627.05.2015_Beantwortung_des_Regierungsrats.pdf,import/affairs/ow/54.15.0627.05.2015_Interpellation_Ausreisezentrum_fuer_Asylbewerber_Langis.pdf,,,,03.09.2015 - Kantonsratssitzung
193,2015-05-28,100,INQUI,PROCE,55.15.01,5,,138,Max Rötheli,Anfrage betreffend Wahlverfahren Kantonsrat,,,,,,,,,,,import/affairs/ow/55.15.0128.05.2015_Anfrage_Wahlverfahren_Kantonsrat.pdf,import/affairs/ow/55.15.0128.05.2015_Beantwortung_des_Regierungsrats.pdf,,,,
194,2015-05-27,100,INTER,PROCE,54.15.05,26,,127,Hubert Schumacher,Interpellation betreffend Haltestellenkonzept für den öffentlichen Verkehr (öV) im Kanton Obwalden,,,,,,,,,,,import/affairs/ow/54.15.0527.05.2015_Beantwortung_des_Regierungsrats.pdf,import/affairs/ow/54.15.0527.05.2015_Interpellation_-Haltestellenkonzept_fuer_oeV.pdf,,,,03.09.2015 - Kantonsratssitzung
195,2015-05-27,100,MOTIO,PROCE,52.15.04,14,,220,Walter Küchler,Motion betreffend Änderung der Gastgewerbeverordnung Art. 1 und Art. 9,,,,,,,,1,,,import/affairs/ow/52.15.0427.05.2015_Beantwortung_des_Regierungsrats.pdf,import/affairs/ow/52.15.0427.05.2015_Motion_Aenderung_Gastgewerbeverordnung.pdf,,,,03.09.2015 - Kantonsratssitzung
196,2015-05-27,100,INTER,PROCE,54.15.04,23,,144,Marcel Jöri-Wallimann,"Interpellation betreffend Auswirkungen der Aufhebung des Euro-Mindestkurses durch die CH-Nationalbank auf Obwaldens Wirtschaft, den Tourismus und die Landwirtschaft",,,,,,,,,,,import/affairs/ow/54.15.0427.05.2015_Beantwortung_des_Regierungsrats.pdf,import/affairs/ow/54.15.0427.05.2015_Interpellation_Auswirkung_Euro-Mindestkurs.pdf,,,,03.09.2015 - Kantonsratssitzung
197,2015-10-22,100,INTER,PROCE,54.15.09,34,,120,Peter Wälti,Interpellation betreffend Bauen ausserhalb der Bauzone: Gleiche Praxis für Ferien- und Wohnhäuser,,,,,,,,,,,import/affairs/ow/54.15.0922.10.2015_Antwort_des_Regierungsrats.pdf,import/affairs/ow/54.15.0922.10.2015_Interpellation_Bauen_ausserhalb_der_Bauzone_Gleiche_Praxis_fuer_Ferien-_und_Wohnhaeuser.pdf,,,,02.12.2015 - 03.12.2015 - Kantonsratssitzung
198,2015-09-03,100,INTER,PROCE,54.15.08,11,,119,Christoph von Rotz,Interpellation betreffend die Einbürgerung wird zur Farce,,,,,,,,,,,import/affairs/ow/54.15.0803.09.2015_Antwort_des_Regierungsrats.pdf,import/affairs/ow/54.15.0803.09.2015_Interpellation_Einbuergerung.pdf,,,,02.12.2015 - 03.12.2015 - Kantonsratssitzung
199,2015-09-03,100,INTER,PROCE,54.15.07,8,,231,Monika Rüegger,"Interpellation betreffend Anfrage zur Asylpraxis und deren finanziellen Folgen für OW, Sozialgelder an Herkunftsstaaten von Asylanten",,,,,,,,,,,import/affairs/ow/54.15.0703.09.2015_Antwort_des_Regierungsrats.pdf,import/affairs/ow/54.15.0703.09.2015_Interpellation_Asylpraxis_und_finanzielle_Folgen.pdf,,,,02.12.2015 - 03.12.2015 - Kantonsratssitzung
200,2015-10-22,100,PMOTI,PROCE,52.15.02 / 52.15.03,,,,,"Volksmotionen  betreffend ""Änderung des Gesetzes über das Campieren"":",,,,,,0,,,,,import/affairs/ow/52.15.0322.10.2015_KRB_Endversion.pdf,import/affairs/ow/52.15.0322.10.2015_KRB_Vorlage.pdf,import/affairs/ow/52.15.0322.10.2015_Mitbericht.pdf,import/affairs/ow/52.15.0322.10.2015_Volksmotion_betreffend_Aenderung_des_Gesetzes_ueber_das_Campieren_zweimaliges_Uebernachten.pdf,import/affairs/ow/Volksmotion_ueber_Aenderung_Gesetz_ueber_das_Campieren_Aufhebung_einmalige_Uebernachtung.pdf,22.10.2015 - Kantonsratssitzung (in Engelberg)
201,2015-12-02,100,MOTIO,PROCE,52.15.05,24,,232,Markus Ettlin,Motion betreffend Überprüfung und Anpassung des Bildungsgesetzes,,,,,,,,1,,,import/affairs/ow/52.15.0502.12.2015_Antwort_des_Regierungsrats.pdf,import/affairs/ow/52.15.0502.12.2015_Motion_betreffend_Ueberpruefung_Bildungsgesetz.pdf,,,,10.03.2016 - Kantonsratssitzung
202,2016-01-28,100,INTER,PROCE,54.16.01,28,,218,Leo Spichtig CSP,Interpellation betreffend Hausärztemangel,,,,,,,,,,,import/affairs/ow/54.16.0128.01.2016_Beantwortung_des_Regierungsrats.pdf,import/affairs/ow/54.16.0128.01.2016_Interpellation_betreffend_Hausaerztemangel.pdf,,,,14.04.2016 - Kantonsratssitzung
203,2015-12-03,100,POSTU,PROCE,53.15.01,41,,131,Dominik Rohrer,Postulat betreffend Wasserkaft des Kantons Obwalden,,,,,,1,,,,,import/affairs/ow/53.15.0103.12.2015_Antwort_des_Regierungsrats.pdf,import/affairs/ow/53.15.0103.12.2015_Postulat_belreffend_Bericht_Wasserkraft_OW.pdf,,,,10.03.2016 - Kantonsratssitzung
204,2016-04-14,100,INTER,PROCE,54.16.02,6,,233,Christian Schäli,Interpellation betreffend Praxis der KESB bei der Entbindung der Pflichten gestützt auf Art. 420 ZGB,,,,,,,,,,,import/affairs/ow/54.16.0214.04.2016_Antwort_des_Regierungsrats.pdf,import/affairs/ow/54.16.0214.04.2016_Interpellation_betreffend_Praxis_der_KESB_bei_der_Entbindung_der_Plfichten_gestuetzt_auf_Art._420_ZGB.pdf,,,,01.07.2016 - Kantonsratssitzung (Eröffnungssitzung Amtsjahr 2016/2017)
205,2016-04-14,100,INTER,PROCE,54.16.03,14,,221,Hampi Lussi-Berwert,Interpellation betreffend Effizienssteigerung im Kantonsparlament,,,,,,,,,,,import/affairs/ow/54.16.0314.04.2016_Antwort_des_Regierungsrats.pdf,import/affairs/ow/54.16.0314.04.2016_Interpellation_betreffend_Effizienzsteigerung_im_Kantonsparlament.pdf,,,,01.07.2016 - Kantonsratssitzung (Eröffnungssitzung Amtsjahr 2016/2017)
206,2016-04-14,100,MOTIO,PROCE,52.16.01,40,,126,Albert Sigrist,Motion betreffend Einführung Streusiedlungszonen,,,,,,,,1,,,import/affairs/ow/52.16.0114.04.2016_Antwort_des_Regierungsrats.pdf,import/affairs/ow/52.16.0114.04.2016_Motion_betreffend_Einuehrung_Streusiedlungszonen.pdf,,,,01.07.2016 - Kantonsratssitzung (Eröffnungssitzung Amtsjahr 2016/2017)
207,2016-04-14,100,INQUI,PROCE,55.16.01,0,,111,Guido Cotter,Anfrage betreffend Verpflichtungskredit für das Projekt des A-8 Abschnittes Giswil-Süd bis Lungern-Nord,,,,,,,,,,,import/affairs/ow/55.16.0114.04.2016_Anfrage_betreffend_Verpflichtungskredit_fuer_das_Projekt_des_A-8_Abschnittes_Giswil-Sued_bis_Lungern-Nord.pdf,import/affairs/ow/55.16.0114.04.2016_Antwort_des_Regierungsrats.pdf,,,,
208,2016-05-19,100,INQUI,PROCE,55.16.02,23,,120,Peter Wälti,Anfrage betreffend Schulgutsbetrieb Giswil,,,,,,,,,,,import/affairs/ow/55.16.0219.05.2016_Anfrage_Schulgutsbetrieb_Giswil.pdf,import/affairs/ow/55.16.0219.05.2016_Antwort_des_Regierungsrats.pdf,,,,
209,2016-07-01,100,MOTIO,PROCE,52.16.02,8,,231,Monika Rüegger,Motion betreffend Praxis der KESB betreffend der gänzlichen Entbindung der Pflichten gemäss Art. 420 ZGB,,,,,,0,,,,,import/affairs/ow/52.16.0201.07.2016_Antwort_des_Regierungsrats.pdf,import/affairs/ow/52.16.0201.07.2016_Kurzgutachten_Prof._Christoph_Haefeli.pdf,import/affairs/ow/52.16.0201.07.2016_Motion_betreffend_Praxis_der_KESB_betreffend_der_gaenzlichen_Entbindung_der_Pflichten_gemaess_Art._420_ZGB.pdf,,,26.10.2016 - Kantonsratssitzung
210,2016-05-20,100,INTER,PROCE,54.16.04,15,,125,Peter Seiler,Interpellation betreffend Bewilligungspraxis von altrechtlichen Wohnbauten ausserhalb der Bauzone,,,,,,,,,,,import/affairs/ow/54.16.0420.05.2016_Antwort_des_Regierungsrats.pdf,import/affairs/ow/54.16.0420.05.2016_Interpellation_Bewilligungspraxis_altrechtliche_Wohnbauten.pdf,import/affairs/ow/14.20.2126.06.2020,,,01.07.2016 - Kantonsratssitzung (Eröffnungssitzung Amtsjahr 2016/2017)
211,2016-07-01,100,MOTIO,PROCE,52.16.03,30,,234,Martin Mahler Engelberg,Motion betreffend Übergangsfrist für die Inkraftsetzung der neuen Praxisregeln zu Art. 24c RPG,,,,,,0,,,,,import/affairs/ow/52.16.0301.07.2016_Antwort_des_Regierungsrats.pdf,import/affairs/ow/52.16.0301.07.2016_Beilage_Brief_vom_28._Juli_2016_ARE_an_BRD.pdf,import/affairs/ow/52.16.0301.07.2016_Beilage_Brief_vom_8._Juli_2016_BRD_an_ARE.pdf,import/affairs/ow/52.16.0301.07.2016_Motion_betreffend_Uebergangsfrist_fuer_die_Inkraftsetzung_der_neuen_Praxisregeln_zu_Art._24c_RPG.zip,import/affairs/ow/SKM_C754e16070112190.pdf,26.10.2016 - Kantonsratssitzung
212,2016-09-08,100,INTER,PROCE,54.16.05,19,,200,Walter Wyrsch,Interpellation betreffend hindernisfreies Bauen,,,,,,,,,,,import/affairs/ow/54.16.0508.09.2016_Beantwortung_des_Regierunsrats.pdf,import/affairs/ow/54.16.0508.09.2016_Interpellation_betreffend_hindernisfreies_Bauen_im_Kanton_Obwalden.pdf,,,,01.12.2016 - 02.12.2016 - Kantonsratssitzung
213,2016-10-26,100,MOTIO,PROCE,52.16.04,4,,153,Ambros Albert-Kathriner,Motion betreffend Erhöhung Kinder- und Ausbildungszulagen,,,,,,1,,,,,import/affairs/ow/52.16.0426.10.2016_Beantwortung_des_Regierungsrats.pdf,import/affairs/ow/52.16.0426.10.2016_Motion_Kinder-_und_Ausbildungszulagen_-_Referendumskomitee.pdf,,,,26.01.2017 - Kantonsratssitzung
214,2016-10-26,100,MOTIO,PROCE,52.16.06,12,,200,Walter Wyrsch,Motion betreffend flugfreie Sonntage auf dem Flugplatz Kägiswil,,,,,,1,,,,,import/affairs/ow/52.16.0626.10.2016_Beantwortung_des_Regierungsrats.pdf,import/affairs/ow/52.16.0626.10.2016_Motion_flugfreie_Sonntage_auf_dem_Flugplatz_Kaegiswil.pdf,,,,26.01.2017 - Kantonsratssitzung
215,2016-10-26,100,MOTIO,PROCE,52.16.05,22,,144,Marcel Jöri-Wallimann,Motion betreffend Erhöhung der Kinder- und Ausbildungszulagen - CVP- Fraktion,,,,,,1,,,,,import/affairs/ow/52.16.0526.10.2016_Beantwortung_des_Regierungsrats.pdf,import/affairs/ow/52.16.0526.10.2016_Motion_Erhoehung_Kinder-_und_Ausbildungszulagen_-CVP_Fraktion.pdf,,,,26.01.2017 - Kantonsratssitzung
216,2016-10-26,100,MOTIO,PROCE,52.16.08,7,,149,Adrian Haueter-Zumbühl,Motion betreffend Aufhebung der Begrenzung des Dienstverhältnisses auf maximal zwei Jahre über die AHV-Altersgrenze,,,,,,1,,,,,import/affairs/ow/52.16.0826.10.2016_Beantwortung_des_Regierungsrats.pdf,import/affairs/ow/52.16.0826.10.2016_Motion_Aufhebung_der_Begrenzung_des_Dienstverhaeltnisses_auf_maximal_zwei_Jahre_ueber_die_AHV-Altersgrenze_.pdf,,,,26.01.2017 - Kantonsratssitzung
217,2016-10-26,100,MOTIO,PROCE,52.16.07,23,,110,Branko Balaban,Motion betreffend Rechtsmittelfrist in kantonalen Verwaltungsverfahren,,,,,,0,,,,,import/affairs/ow/52.16.0726.10.2016_Anhang_1_Motion_betreffend_Rechtsmittelfrist_in_kantonalen_Verfahrensfragen.pdf,import/affairs/ow/52.16.0726.10.2016_Anhang_2_Auswertung_Stellungnahmen.pdf,import/affairs/ow/52.16.0726.10.2016_Beantwortung_des_Regierungsrats.pdf,import/affairs/ow/52.16.0726.10.2016_Bericht_zur_Anpassung_der_Rechtsmittelfrist_im_Verwaltungsverfahren.pdf,import/affairs/ow/Motion_betreffend_Rechtsmittelfrist_in_kantonalen_Verfahrensfragen.pdf,26.01.2017 - Kantonsratssitzung
218,2016-12-01,100,POSTU,PROCE,53.16.01,5,,138,Max Rötheli,Postulat betreffend Poststellenschliessungen,,,,,,0,,,,,import/affairs/ow/53.16.0101.12.2016_Beantwortung_des_Regierungsrats.pdf,import/affairs/ow/53.16.0101.12.2016_Postulat_betreffend_Poststellenschliessungen.pdf,,,,24.03.2017 - Kantonsratssitzung
219,2016-12-01,100,INTER,PROCE,54.16.06,0,,235,Isabella Kretz-Kiser Kerns,Interpellation betreffend Lohnnebenleistungen und Privilegien des Staatspersonals des Kantons Obwalden,,,,,,,,,,,import/affairs/ow/54.16.0601.12.2016_Beantwortung_des_Regierungsrats.pdf,import/affairs/ow/54.16.0601.12.2016_Interpellation_betreffend_Lohnnebenleistungen_und_Privilegien_des_Staatspersonals.pdf,,,,26.01.2017 - Kantonsratssitzung
220,2017-01-26,100,INTER,PROCE,54.17.02,33,,120,Peter Wälti,Interpellation betreffend Zentrumsüberbauung Sarnen; Projektwettbewerb,,,,,,,,,,,import/affairs/ow/54.17.0226.01.2017_Beantwortung_des_Regierungsrats.pdf,import/affairs/ow/54.17.0226.01.2017_Interpellation_betreffend_Zentrumsueberbauung_Dorf_Projektwettbewerb.pdf,,,,24.03.2017 - Kantonsratssitzung
221,2016-12-02,100,MOTIO,PROCE,52.16.09,4,,138,Max Rötheli,Motion betreffend Zusammensetzung der Ratsleitung,,,,,,,,1,,,import/affairs/ow/52.16.0902.12.2016_Beantwortung_des_Regierungsrats.pdf,import/affairs/ow/52.16.0902.12.2016_Motion_betreffend_Zusammensetzung_der_Ratsleitung.pdf,,,,24.03.2017 - Kantonsratssitzung
222,2017-01-26,100,MOTIO,PROCE,52.17.01,40,,153,Ambros Albert-Kathriner,"Motion betreffend neues Schlachthaus auf dem Gelände des Werkhofes Foribach, Parzelle 4424, Sarnen",,,,,,0,,,,,import/affairs/ow/52.17.0126.01.2017_Beantwortung_des_Regierungsrats.pdf,import/affairs/ow/52.17.0126.01.2017_Motion_betreffend_neues_Schlachthaus_auf_dem_Gelaende_des_Werkhofes_Foribach_Parzelle_4424_Sarnen.pdf,,,,31.05.2017 - 01.06.2017 - Kantonsratssitzung
223,2017-01-26,100,INTER,PROCE,54.17.01,34,,143,Cornelia Kaufmann-Hurschler,Interpellation betreffend Fussgängerstreifen in Tempo-30-Zonen,,,,,,,,,,,import/affairs/ow/54.17.0126.01.2017_Beantwortung_des_Regierungsrats.pdf,import/affairs/ow/54.17.0126.01.2017_Interpellation_betreffend_Fussaengerstreifen_in_Tempo-30-Zonen.pdf,,,,24.03.2017 - Kantonsratssitzung
224,2017-03-24,100,POSTU,PROCE,53.17.01,28,,127,Hubert Schumacher,Postulat betreffend Befreiung von der Feuerwehrersatzabgabe für Angehörige von Rettungs- und Nothilfeorganisationen,,,,,,1,,,,,import/affairs/ow/53.17.0124.03.2017_Beantwortung_des_Regierungsrat.pdf,import/affairs/ow/53.17.0124.03.2017_Postulat_betreffend_Befreiung_von_der_Feuerwehrersatzabgabe_fuer_Angehoerige_von_Rettungs-_und_Nothilfeorganisationen.pdf,,,,30.06.2017 - Kantonsratssitzung (Eröffnungssitzung Amtsjahr 2017/2018)
225,2017-03-24,100,MOTIO,PROCE,52.17.02,5,,226,Daniel Wyler,Motion betreffend Besetzung der Rechtspflegekommission: Beschränkung der Anzahl von praktizierenden Anwältinnen und Anwälten,,,,,,0,,,,,import/affairs/ow/52.17.0224.03.2017_Beantwortung_des_Regierungsrats.pdf,import/affairs/ow/52.17.0224.03.2017_Motion_betreffend_Besetzung_der_Rechtspflegekommission.pdf,,,,31.05.2017 - 01.06.2017 - Kantonsratssitzung
226,2017-03-24,100,INTER,PROCE,54.17.03,20,,232,Markus Ettlin,Interpellation betreffend der geplanten Steuergesetzrevision - Begrenzung Fahrkostenabzug,,,,,,,,,,,import/affairs/ow/54.17.0324.03.2017_Beantwortung_des_Regierungsrats.pdf,import/affairs/ow/54.17.0324.03.2017_Interpellation_betreffend_der_geplanten_Steuergesetzrevision_-_Begrenzung_Fahrkostenabzug.pdf,,,,31.05.2017 - 01.06.2017 - Kantonsratssitzung
227,2017-05-31,100,INTER,PROCE,54.17.04,33,,210,Jürg Berlinger,Interpellation betreffend unterirdisches Parkhaus in Sarnen (Park+Ride beim Bahnhof),,,,,,,,,,,import/affairs/ow/54.17.0431.05.2017_Beantwortung_des_Regierungsrats.pdf,import/affairs/ow/54.17.0431.05.2017_Interpellation_betreffend_unterirdisches_Parkhaus_in_Sarnen_ParkRide_beim_Bahnhof.pdf,,,,07.09.2017 - Kantonsratssitzung
228,2017-09-07,100,MOTIO,PROCE,52.17.05,0,,236,Christian Limacher,Motion betreffend Entlöhnung der Steuerrekurskommission,,,,,,1,,,,,import/affairs/ow/52.17.0507.09.2017_Beantwortung_des_Regierungsrats.pdf,import/affairs/ow/52.17.0507.09.2017_Motion_betreffend_Entloehnung_der_Steuerrekurskommission.pdf,,,,06.12.2017 - 07.12.2017 - Kantonsratssitzung
229,2017-09-07,100,MOTIO,PROCE,52.17.03,3,,153,Ambros Albert-Kathriner,Motion betreffend aktive und sofortige Unterstützung der Genossenschaft Schlachthaus Ei Sarnen,,,,,,1,,,,,import/affairs/ow/52.17.0307.09.2017_Beantwortung_des_Regierungsrats.pdf,import/affairs/ow/52.17.0307.09.2017_Motion_betreffend_aktive_und_sofortige_Unterstuetzung_der_Genossenschaft_Schlachthaus_Ei_Sarnen.pdf,,,,07.09.2017 - Kantonsratssitzung
230,2017-09-07,100,POSTU,PROCE,53.17.02,11,,153,Ambros Albert-Kathriner,Postulat betreffend Verwertung von Wurzelstöcken,,,,,,0,,,,,import/affairs/ow/53.17.0207.09.2017_Beantwortung_des_Regierungsrats.pdf,import/affairs/ow/53.17.0207.09.2017_Postulat_betreffend_Verwertung_von_Wurzelstoecken.pdf,,,,06.12.2017 - 07.12.2017 - Kantonsratssitzung
231,2017-09-07,100,INTER,PROCE,54.17.05,30,,149,Adrian Haueter-Zumbühl,Interpellation betreffend Einfluss der Regulierungen der IVHSM auf die Konkurrenzfähigkeit des Kantonsspitals Obwalden,,,,,,,,,,,import/affairs/ow/54.17.0507.09.2017_Beantwortung_des_Regierungsrats.pdf,import/affairs/ow/54.17.0507.09.2017_Interpellation_Einfluss_der_Regulierungen_der_IVHSM_auf_die_Konkurrenzfaehigkeit_des_KSOW.pdf,,,,06.12.2017 - 07.12.2017 - Kantonsratssitzung
232,2017-06-30,100,MOTIO,PROCE,52.17.04,40,,120,Peter Wälti,Motion betreffend Förderung von Bauten aus Schweizer Holz für die Zukunft,,,,,,0,,,,,import/affairs/ow/52.17.0430.06.2017_Beantwortung_des_Regierungsrats.pdf,import/affairs/ow/52.17.0430.06.2017_Motion_betreffend_Foerderung_von_Bauten_aus_Schweizer_Holz_fuer_die_Zukunft.pdf,,,,27.10.2017 - Kantonsratssitzung
233,2017-10-27,100,MOTIO,PROCE,52.17.06,10,,234,Martin Mahler Engelberg,Motion betreffend Anpassung des Baugesetzes: Delegation von Baubewilligungen,,,,,,,,1,,,import/affairs/ow/52.17.0627.10.2017_Beantwortung_des_Regierungsrats.pdf,import/affairs/ow/52.17.0627.10.2017_Motion_-_Anpassung_Baugesetz_-_Delegation_von_Baubewilligungen.pdf,,,,25.01.2018 - Kantonsratssitzung
234,2017-12-07,100,INTER,PROCE,54.17.06,20,,126,Albert Sigrist,Interpellation betreffend Waldbrandgefahren in Obwalden?,,,,,,,,,,,import/affairs/ow/54.17.0607.12.2017_Beantwortung_des_Regierungsrats.pdf,import/affairs/ow/54.17.0607.12.2017_Interpellation_-_Waldbrandgefahren_in_Obwalden.pdf,,,,15.03.2018 - Kantonsratssitzung
235,2017-12-07,100,INTER,PROCE,54.17.07,18,,105,Marcel Durrer,Interpellation betreffend Heimetli-Monopoly in Alpnach?,,,,,,,,,,,import/affairs/ow/54.17.0707.12.2017_Beantwortung_des_Regierungsrats.pdf,import/affairs/ow/54.17.0707.12.2017_Interpellation_betreffend_Heimetli-Monopoly_in_Alpnach.pdf,,,,15.03.2018 - Kantonsratssitzung
236,2018-01-25,100,POSTU,PROCE,53.18.01,5,,211,Ruth Koch-Niederberger,Postulat betreffend Unterzeichnung Charta Lohngleichheit im öffentlichen Sektor,,,,,,0,,,,,import/affairs/ow/53.18.0125.01.2018_Beantwortung_des_Regierungsrats.pdf,import/affairs/ow/53.18.0125.01.2018_Postulat_betreffend_Unterzeichnung_Charta_Lohngleichheit_im_oeffentlichen_Sektor.pdf,,,,26.04.2018 - Kantonsratssitzung
237,2018-03-15,100,INTER,PROCE,54.18.04,17,,211,Ruth Koch-Niederberger,Interpellation betreffend Machbarkeitsstudie zur Skigebietsverbindung Melchsee Frutt - Titlis - Hasliberg,,,,,,,,,,,import/affairs/ow/54.18.0415.03.2018_Beantwortung_des_Regierungsrats.pdf,import/affairs/ow/54.18.0415.03.2018_Interpellation_betreffend_Machbarkeitsstudie_zur_Skigebietsverbindung_Melchsee_Frutt_-_Titlis_-_Hasliberg.pdf,,,,24.05.2018 - 25.05.2018 - Kantonsratssitzung
238,2018-01-25,100,INTER,PROCE,54.18.01,21,,105,Marcel Durrer,Interpellation Stilllegung Schiessanlage Alpnach,,,,,,,,,,,import/affairs/ow/54.18.0125.01.2018_Beantwortung_des_Regierungsrats.pdf,import/affairs/ow/54.18.0125.01.2018_Interpellation_betreffend_Stilllegung_Schiessanlage_Alpnach.pdf,,,,15.03.2018 - Kantonsratssitzung
239,2018-01-25,100,POSTU,PROCE,53.18.02,20,,111,Guido Cotter,Postulat personelle und finanzielle Auswirkungen rechtlicher Erlasse,,,,,,0,,,,,import/affairs/ow/53.18.0225.01.2018_Beantwortung_des_Regierungsrats.pdf,import/affairs/ow/53.18.0225.01.2018_Postulat_personelle_und_finanzielle_Auswirkungen_rechtlicher_Erlasse.pdf,,,,26.04.2018 - Kantonsratssitzung
240,2018-03-15,100,INTER,PROCE,54.18.03,1,,200,Walter Wyrsch,Interpellation betreffend Stand Betriebsreglement Flugplatz Kägiswil,,,,,,,,,,,import/affairs/ow/54.18.0315.03.2018_Beantwortung_des_Regierungsrats.pdf,import/affairs/ow/54.18.0315.03.2018_Interpellation_betreffend_Stand_Betriebsreglement_Flugplatz_Kaegiswil.pdf,,,,24.05.2018 - 25.05.2018 - Kantonsratssitzung
241,2018-01-25,100,INTER,PROCE,54.18.02,4,,138,Max Rötheli,Interpellation betreffend Sparmassnahmen bei Stiftung Rütimattli,,,,,,,,,,,import/affairs/ow/54.18.0225.01.2018_Beantwortung_des_Regierungsrats.pdf,import/affairs/ow/54.18.0225.01.2018_neu_eingereichte_Interpellation_betreffend_Sparmassnahmen_bei_Stiftung_Ruetimattli.pdf,,,,15.03.2018 - Kantonsratssitzung
242,2018-04-26,100,MOTIO,PROCE,52.18.01,9,,111,Guido Cotter,Motion betreffend Etappierung von Bauprojekten - Zurückschieben des Projekts A8 Lungern Nord - Giswil Süd,,,,,,0,,,,,import/affairs/ow/52.18.0126.04.2018_Beantwortung_Regierungsrat.pdf,import/affairs/ow/52.18.0126.04.2018_Motion_betreffend_Etappierung_von_Bauprojekten_-_Zurueckschieben_des_Projekts_A8_Lungern_Nord_-_Giswil_Sued.pdf,,,,06.09.2018 - Kantonsratssitzung
243,2018-04-26,100,INTER,PROCE,54.18.06,20,,107,Gerhard Durrer-Egger,Interpellation betreffend bessere Verteilung / Staffelung der Ferienzeiten um Wintersportgebiete besser zu entlasten und die Auslastung gleichmässiger zu verteilen,,,,,,,,,,,import/affairs/ow/54.18.0626.04.2018_Beantwortung_des_Regierungsrats.pdf,import/affairs/ow/54.18.0626.04.2018_Interpellation_betreffend_bessere_Verteilung__Staffelung_der_Ferienzeiten_um_Wintersportgebiete_besser_zu_entlasten_und_die_Auslastung_gleichmaessiger_zu_verteilen.pdf,,,,29.06.2018 - Kantonsratssitzung (Eröffnungssitzung Amtsjahr 2018/2019)
244,2018-04-26,100,INTER,PROCE,54.18.05,24,,232,Markus Ettlin,"Interpellation betreffend Stand der überwiesenen Motion ""Erhöhung der Kinder- und Ausbildungszulagen",,,,,,,,,,,import/affairs/ow/54.18.0526.04.2018_Beantwortung_des_Regierungsrats.pdf,import/affairs/ow/54.18.0526.04.2018_Stand_der_ueberwiesenen_Motion_Erhoehung_der_Kinder-_und_Ausbildungszulagen.pdf,,,,29.06.2018 - Kantonsratssitzung (Eröffnungssitzung Amtsjahr 2018/2019)
245,2018-04-26,100,MOTIO,PROCE,52.18.02,26,,153,Ambros Albert-Kathriner,Motion betreffend Verminderung von Schäden durch Hirsche in der Landwirtschaft und im Wald,,,,,,1,,,,,import/affairs/ow/52.18.0226.04.2018_Beantwortung_des_Regierungsrats.pdf,import/affairs/ow/52.18.0226.04.2018_Motion_betreffend_Verminderung_von_Schaeden_durch_Hirsche_in_der_Landwirtschaft_und_im_Wald.pdf,,,,29.06.2018 - Kantonsratssitzung (Eröffnungssitzung Amtsjahr 2018/2019)
246,2018-09-06,100,MOTIO,PROCE,52.18.05,7,,138,Max Rötheli,Motion betreffend Einsatz von Flüsterbelägen auf Kantonsstrassen,,,,,,0,,,,,import/affairs/ow/52.18.0506.09.2018_Beantwortung_Regierungsrat.pdf,import/affairs/ow/52.18.0506.09.2018_Motion_betreffend_Einsatz_von_Fluesterbelaegen_auf_Kantonsstrassen.pdf,,,,05.12.2018 - Kantonsratssitzung
247,2018-09-06,100,MOTIO,PROCE,52.18.04,18,,149,Adrian Haueter-Zumbühl,Motion betreffend Überprüfung der Verwendung der Swisslos-Gelder und der damit einhergehenden Kompetenzen des Regierungsrats,,,,,,,,1,,,import/affairs/ow/52.18.0406.09.2018_Beantwortung_Regierungsrat.pdf,import/affairs/ow/52.18.0406.09.2018_Motion_betreffend_Ueberpruefung_der_Verwendung_der_Swisslos-Gelder_und_der_damit_einhergehenden_Kompetenzen_des_Regierungsrats.pdf,,,,05.12.2018 - Kantonsratssitzung
248,2018-12-17,100,INTER,PROCE,54.18.07,0,,114,Mike Bacher,Interpellation betreffend Abschaffung des Schwerpunktfaches Latein an der Kantonsschule Obwalden,,,,,,,,,,,import/affairs/ow/54.18.0717.12.2018_Beantwortung_des_Regierungsrats.pdf,import/affairs/ow/54.18.0717.12.2018_Interpellation_betreffend_Abschaffung_des_Schwerpunktfaches_Latein_an_der_Kantonsschule_Obwalden_54.18.07.pdf,,,,20.03.2019 - Kantonsratssitzung
249,2018-06-29,100,MOTIO,PROCE,52.18.03,30,,143,Cornelia Kaufmann-Hurschler,Motion betreffend Förderung von Leistungssportlern im Kanton Obwalden,,,,,,1,,,,,import/affairs/ow/52.18.0329.06.2018_Beantwortung_des_Regierungsrats.pdf,import/affairs/ow/52.18.0329.06.2018_Motion_-_Foerderung_von_Leistungssportlern.pdf,,,,05.12.2018 - Kantonsratssitzung
250,2019-01-24,100,INTER,PROCE,54.19.03,18,,144,Marcel Jöri-Wallimann,Interpellation betreffend den Unterhalt der Immobilien und der Strasseninfrastruktur sowie dem Wiederbeschaffungswert der Naturgefahrenabwehr des Kantons Obwalden,,,,,,,,,,,import/affairs/ow/54.19.0324.01.2019_Beantwortung_des_Regierungsrats.pdf,import/affairs/ow/54.19.0324.01.2019_Interpellation_betreffend_den_Unterhalt_der_Immobilien_und_der_Strasseninfrastruktur_sowie_dem_Wiederbeschaffungswert_der_Naturgefahrenabwehr_des_Kantons_Obwalden.pdf,,,,23.05.2019 - 24.05.2019 - Kantonsratssitzung
251,2019-01-24,100,INTER,PROCE,54.19.01,27,,149,Adrian Haueter-Zumbühl,"Interpellation betreffend Invasive Arten in Obwalden - Problematik, Massnahmen und Kosten",,,,,,,,,,,import/affairs/ow/54.19.0124.01.2019_Beantwortung_des_Regierungsrats_.pdf,import/affairs/ow/54.19.0124.01.2019_Interpellation_betreffend_Invasive_Arten_in_Obwalden_-_Problematik_Massnahmen_und_Kosten.pdf,,,,20.03.2019 - Kantonsratssitzung
252,2019-01-24,100,INTER,PROCE,54.19.04,17,,144,Marcel Jöri-Wallimann,Interpellation betreffend möglicher Reduktion des Leistungsangebots und der Erfüllung von nicht staatlichen Aufgaben durch den Kanton Obwalden,,,,,,,,,,,import/affairs/ow/54.19.0424.01.2019_Beantwortung_des_Regierungsrats.pdf,import/affairs/ow/54.19.0424.01.2019_Beilage_Interpellation_Finanzplan_2020_Defizit_und_geplante_Massnahmen.pdf,import/affairs/ow/54.19.0424.01.2019_Interpellation_betreffend_moeglicher_Reduktion_des_Leistungsangebots_und_der_Erfuellung_von_nicht_staatlichen_Aufgaben_durch_den_Kanton_Obwalden.pdf,,,20.03.2019 - Kantonsratssitzung
253,2019-01-24,100,INTER,PROCE,54.19.02,13,,200,Walter Wyrsch,Interpellation betreffend Wegweisung von 2 Asylsuchenden aus Eritrea,,,,,,,,,,,import/affairs/ow/54.19.0224.01.2019_Beantwortung_des_Regierungsrats.pdf,import/affairs/ow/54.19.0224.01.2019_Interpellation_betreffend_Wegweisung_von_2_Asylsuchenden_aus_Eritrea.pdf,,,,20.03.2019 - Kantonsratssitzung
254,2019-01-24,100,MOTIO,PROCE,52.19.01,22,,237,Seppi Hainbuchner,Motion betreffend Unterstützungspflicht bei sofortiger Hilfe für Ausländer ohne Wohnsitz in der Schweiz,,,,,,0,,,,,import/affairs/ow/52.19.0124.01.2019_Beantwortung_des_Regierungsrats.pdf,import/affairs/ow/52.19.0124.01.2019_Motion_betreffend_Unterstuetzungspflicht_bei_sofortiger_Hilfe_fuer_Auslaender_ohne_Wohnsitz_in_der_Schweiz.pdf,,,,23.05.2019 - 24.05.2019 - Kantonsratssitzung
255,2019-03-20,100,MOTIO,PROCE,52.19.02,19,,114,Mike Bacher,Motion betreffend Einführung des Öffentlichkeitsprinzips in Obwalden,,,,,,0,,,,,import/affairs/ow/52.19.0220.03.2019_Beantwortung_des_Regierungsrats.pdf,import/affairs/ow/52.19.0220.03.2019_Motion_betreffend_Einfuehrung_des_Oeffentlichkeitsprinzips_in_Obwalden.pdf,,,,28.06.2019 - Kantonsratssitzung (Eröffnungssitzung)
256,2019-03-20,100,INTER,PROCE,54.19.05,16,,200,Walter Wyrsch,Interpellation betreffend keine automatische Verlängerung des Mietvertrags Flugplatz Kägiswil,,,,,,,,,,,import/affairs/ow/54.19.0520.03.2019_Beantwortung_des_Regierungsrats.pdf,import/affairs/ow/54.19.0520.03.2019_Interpellation_betreffend_keine_automatische_Verlaengerung_des_Mietvertrags_Flugplatz_Kaegiswil.pdf,,,,23.05.2019 - 24.05.2019 - Kantonsratssitzung
257,2019-03-20,100,INTER,PROCE,54.19.06,15,,150,Ivo Herzog,Interpellation betreffend aktueller Stand von Spar- und Verzichtsbemühungen bei den Kantonsfinanzen sowie beim Personalwesen,,,,,,,,,,,import/affairs/ow/54.19.0620.03.2019_Beantwortung_des_Regierungsrats.pdf,import/affairs/ow/54.19.0620.03.2019_Interpellation_betreffend_aktueller_Stand_von_Spar-_und_Verzichtsbemuehungen_bei_den_Kantonsfinanzen_sowie_beim_Personalwesen.pdf,,,,23.05.2019 - 24.05.2019 - Kantonsratssitzung
258,2019-03-20,100,INTER,PROCE,54.19.07,16,,150,Ivo Herzog,Interpellation betreffend Auswirkungen des EU-Rahmenabkommens auf den Kanton Obwalden,,,,,,,,,,,import/affairs/ow/54.19.0720.03.2019_Beantwortung_des_Regierungsrats.pdf,import/affairs/ow/54.19.0720.03.2019_Interpellation_betreffend_Auswirkungen_des_EU-Rahmenabkommens_auf_den_Kanton_Obwalden.pdf,,,,23.05.2019 - 24.05.2019 - Kantonsratssitzung
259,2019-05-23,100,INTER,PROCE,54.19.09,6,,142,Peter Lötscher-Keller,Interpellation betreffend Abschlussquoten der Gymnasiastinnen und Gymnasiasten aus Obwalden als Qualitätsmerkmal der gymnasialen Ausbildung,,,,,,,,,,,import/affairs/ow/54.19.0923.05.2019_Beantwortung_des_Regierungsrats.pdf,import/affairs/ow/54.19.0923.05.2019_Interpellation_betreffend_Abschlussquoten_der_Gymnasiastinnen_und_Gymnasiasten_aus_Obwalden_als_Qualitaetsmerkmal_der_gymnasialen_Ausbildung.pdf,,,,12.09.2019 - Kantonsratssitzung
260,2019-05-23,100,MOTIO,PROCE,52.19.04,30,,126,Albert Sigrist,Motion betreffend dem Verkauf von 184 Aktien der Schweizerischen Nationalbank (SNB) durch den Kanton Obwalden,,,,,,0,,,,,import/affairs/ow/52.19.0423.05.2019_Beantwortung_des_Regierungsrats.pdf,import/affairs/ow/52.19.0423.05.2019_Motion_betreffend_Verkauf_von_184_Aktien_der_Schweizerischen_Nationalbank_SNB_durch_den_Kanton_Obwalden.pdf,,,,12.09.2019 - Kantonsratssitzung
261,2019-05-23,100,INTER,PROCE,54.19.10,19,,138,Max Rötheli,"Interpellation betreffend Wartezeiten beim Schulpsychologischen Dienst (SPD), Psychomotoriktherapiestelle (PMT) und Logopädischen Dienst (LPD) im Kontext mit den Peronalsparmassnahmen beim Bildungs- und Kulturdepartement (BKD)",,,,,,,,,,,import/affairs/ow/54.19.1023.05.2019_Beantwortung_des_Regierungsrats.pdf,import/affairs/ow/54.19.1023.05.2019_Interpellation_betreffend_Wartezeiten_beim_Schulpsychologischen_Dienst_SPD_Psychomotoriktherapiestelle_PMT_und_Logopaedischen_Dienst_LPD_im_Kontext_mit_den_Peronalsparmassnahmen_beim_Bildungs-_und_Kulturdepartement_BKD.pdf,,,,12.09.2019 - Kantonsratssitzung
262,2019-05-23,100,MOTIO,PROCE,52.19.05,17,,236,Christian Limacher,Motion betreffend Neuregelung Ratsleitung des Kantonsrats,,,,,,0,,,,,import/affairs/ow/52.19.0523.05.2019_Beantwortung_des_Regierungsrats.pdf,import/affairs/ow/52.19.0523.05.2019_Motion_betreffend_Neuregelung_Ratsleitung_des_Kantonsrats.pdf,,,,12.09.2019 - Kantonsratssitzung
263,2019-05-23,100,INTER,PROCE,54.19.11,22,,153,Ambros Albert-Kathriner,Interpellation betreffend 5G im Kanton Obwalden,,,,,,,,,,,import/affairs/ow/54.19.1123.05.2019_Beantwortung_des_Regierungsrats.pdf,import/affairs/ow/54.19.1123.05.2019_Interpellation_betreffend_5G_im_Kanton_Obwalden.pdf,,,,12.09.2019 - Kantonsratssitzung
264,2019-05-23,100,INTER,PROCE,54.19.12,32,,131,Dominik Rohrer,Interpellation betreffend finanzielle Lage des Kantons Obwalden,,,,,,,,,,,import/affairs/ow/54.19.1223.05.2019_Beantwortung_des_Regierungsrats.pdf,import/affairs/ow/54.19.1223.05.2019_Interpellation_betreffend_finanzielle_Lage_des_Kantons_Obwalden..pdf,,,,12.09.2019 - Kantonsratssitzung
265,2019-05-23,100,INTER,PROCE,54.19.08,28,,149,Adrian Haueter-Zumbühl,Interpellation betreffend Bewirtschaftung von Parkplätzen des Kantons,,,,,,,,,,,import/affairs/ow/54.19.0823.05.2019_Beantwortung_des_Regierungsrats.pdf,import/affairs/ow/54.19.0823.05.2019_Interpellation_betreffend_Bewirtschaftung_von_Parkplaetzen_des_Kantons.pdf,,,,12.09.2019 - Kantonsratssitzung
266,2019-06-28,100,INTER,PROCE,54.19.15,17,,111,Guido Cotter,Interpellation betreffend Prämienverbilligung in Obwalden und Bundesgerichtsurteil,,,,,,,,,,,import/affairs/ow/54.19.1528.06.2019_Beantwortung_des_Regierungsrats.pdf,import/affairs/ow/54.19.1528.06.2019_Interpellation_betreffend_Praemienverbilligung_in_Obwalden_und_Bundesgerichtsurteil.pdf,,,,12.09.2019 - Kantonsratssitzung
267,2019-06-28,100,INTER,PROCE,54.19.14,15,,221,Hampi Lussi-Berwert,Interpellation betreffend Departementsverteilung im Obwaldner Regierungsrat,,,,,,,,,,,import/affairs/ow/54.19.1428.06.2019_Beantwortung_des_Regierungsrats.pdf,import/affairs/ow/54.19.1428.06.2019_Interpellation_betreffend_Departementsverteilung_im_Obwaldner_Regierungsrat.pdf,,,,12.09.2019 - Kantonsratssitzung
268,2019-06-28,100,INTER,PROCE,54.19.13,7,,136,Eva Morger,Interpellation betreffend kongruente Regelungen für Hilfestellung Zuhause,,,,,,,,,,,import/affairs/ow/54.19.1328.06.2019_Beantwortung_des_Regierungsrats.pdf,import/affairs/ow/54.19.1328.06.2019_Interpellation_betreffend_kongruente_Regelungen_fuer_Hilfestellung_Zuhause.pdf,,,,12.09.2019 - Kantonsratssitzung
269,2019-09-12,100,INTER,PROCE,54.19.18,19,,130,Hanspeter Scheuber,Interpellation betreffend Kantonsschule Obwalden - Implementierung Schulische Sozialarbeit,,,,,,,,,,,import/affairs/ow/54.19.1812.09.2019_Beantwortung_des_Regierungsrats.pdf,import/affairs/ow/54.19.1812.09.2019_Interpellation_betreffend_Kantonsschule_Obwalden_-_Implementierung_Schulische_Sozialarbeit.pdf,,,,05.12.2019 - Kantonsratssitzung
270,2019-09-12,100,INTER,PROCE,54.19.17,21,,113,Benno Dillier,Interpellation betreffend Wirtschaftsfreiheit und Schweizer KMUs,,,,,,,,,,,import/affairs/ow/54.19.1712.09.2019_Beantwortung_des_Regierungsrats.pdf,import/affairs/ow/54.19.1712.09.2019_Interpellation_betreffend_Wirtschaftsfreiheit_und_Schweizer_KMUs.pdf,,,,05.12.2019 - Kantonsratssitzung
271,2019-10-24,100,PMOTI,PROCE,52.19.03,,,,,Volksmotion zur nachhaltigen Sanierung der Kantonsfinanzen,,,,,,0,,,,,import/affairs/ow/52.19.0324.10.2019_KRB_ueber_die_Volksmotion_zur_nachhaltigen_Sanierung_der_Kantonsfinanzen.pdf,import/affairs/ow/52.19.0324.10.2019_Mitbericht_des_Regierungsrats_zur_Volksmotion.pdf,import/affairs/ow/52.19.0324.10.2019_Volksmotion_zur_nachhaltigen_Sanierung_der_Kantonsfinanzen.pdf,,,24.10.2019 - Kantonsratssitzung
272,2019-10-24,100,MOTIO,PROCE,52.19.07,31,,108,Sonnie Burch,Motion bettreffend Umverteilung der Wochenlektionen gemäss Stundentafel für die Orientierungsstufe OS (7. - 9. Schuljahr),,,,,,0,,,,,import/affairs/ow/52.19.0724.10.2019_Beantwortung_des_Regierungsrats.pdf,import/affairs/ow/52.19.0724.10.2019_Motion_bettreffend_Umverteilung_der_Wochenlektionen_gemaess_Stundentafel_fuer_die_Orientierungsstufe_OS_7._-_9._Schuljahr.pdf,,,,19.03.2020 - Kantonsratssitzung (AUSFALL infolge Coronavirus)
273,2019-09-12,100,MOTIO,PROCE,52.19.06,32,,143,Cornelia Kaufmann-Hurschler,Motion betreffend Zustellung und Nutzung Sitzungsunterlagen in digitaler Form,,,,,,,,1,,,import/affairs/ow/52.19.0612.09.2019_Beantwortung_des_Regierungsrats.pdf,import/affairs/ow/52.19.0612.09.2019_Motion_betreffend_Zustellung_und_Nutzung_Sitzungsunterlagen_in_digitaler_Form.pdf,,,,05.12.2019 - Kantonsratssitzung
274,2019-09-12,100,INTER,PROCE,54.19.16,22,,144,Marcel Jöri-Wallimann,Interpellation betreffend Umsetzung der überwiesenen parlamentarischen Anmerkung über die Umsetzung / Anpassung Lohnsystem für das Personal,,,,,,,,,,,import/affairs/ow/54.19.1612.09.2019_Beantwortung_des_Regierungsrats.pdf,import/affairs/ow/54.19.1612.09.2019_Interpellation_betreffend_Umsetzung_der_ueberwiesenen_parlamentarischen_Anmerkung_ueber_die_Umsetzung__Anpassung_Lohnsystem_fuer_das_Personal.pdf,,,,05.12.2019 - Kantonsratssitzung
275,2019-10-24,100,INTER,PROCE,54.19.19,41,,149,Adrian Haueter-Zumbühl,Interpellation betreffend First Responder OW - Aufrechterhaltung der bestehenden Dienstleistung,,,,,,,,,,,import/affairs/ow/54.19.1924.10.2019_Beantwortung_des_Regierungsrats.pdf,import/affairs/ow/54.19.1924.10.2019_Interpellation_betreffend_First_Responder_OW_-_Aufrechterhaltung_der_bestehenden_Dienstleistung.pdf,,,,19.03.2020 - Kantonsratssitzung (AUSFALL infolge Coronavirus)
276,2019-10-24,100,MOTIO,PROCE,52.19.09,26,,231,Monika Rüegger,Motion betreffend separate Plastiksammlung in Obwalden ermöglichen,,,,,,0,,,,,import/affairs/ow/52.19.0924.10.2019_Beantwortung_des_Regierungsrats.pdf,import/affairs/ow/52.19.0924.10.2019_Motion_betreffend_separate_Plastiksammlung_in_Obwalden_ermoeglichen.pdf,,,,19.03.2020 - Kantonsratssitzung (AUSFALL infolge Coronavirus)
277,2019-12-05,100,INTER,PROCE,54.19.20,0,,129,Annemarie Schnider,Interpellation betreffend Vision Radwege in Obwalden,,,,,,,,,,,import/affairs/ow/54.19.2005.12.2019_Beantwortung_des_Regierungsrats.pdf,import/affairs/ow/54.19.2005.12.2019_Interpellation_betreffend_Vision_Radwege_in_Obwalden.pdf,,,,19.03.2020 - Kantonsratssitzung (AUSFALL infolge Coronavirus)
278,2019-12-05,100,INTER,PROCE,54.19.21,0,,131,Dominik Rohrer,Interpellation betreffend Beteiligungscontrolling: Wie steuert der Kanton Obwalden seine Betriebe?,,,,,,,,,,,import/affairs/ow/54.19.2105.12.2019_Beantwortung_des_Regierungsrats.pdf,import/affairs/ow/54.19.2105.12.2019_Interpellation_betreffend_Beteiligungscontrolling_Wie_steuert_der_Kanton_Obwalden_seine_Betriebe.pdf,,,,19.03.2020 - Kantonsratssitzung (AUSFALL infolge Coronavirus)
279,2020-03-19,100,MOTIO,PROCE,52.19.08,14,,153,Ambros Albert-Kathriner,Motion betreffend Baumoratorium für 5G,,,,,,0,,,,,import/affairs/ow/52.19.0819.03.2020_Beantwortung_des_Regierungsrats.pdf,import/affairs/ow/52.19.0819.03.2020_Motion_betreffend_Baumoratorium_fuer_5G.pdf,,,,19.03.2020 - Kantonsratssitzung (AUSFALL infolge Coronavirus)
280,2020-05-29,100,MOTIO,PROCE,52.20.01,14,,108,Sonnie Burch,Motion betreffend Unterstützung der Sanierung und Erweiterung des Hallenbades Obwalden,,,,,,0,,,,,import/affairs/ow/52.20.0129.05.2020_Beantwortung_des_Regierungsrats.pdf,import/affairs/ow/52.20.0129.05.2020_Motion_betreffend_Unterstuetzung_der_Sanierung_und_Erweiterung_des_Hallenbades_Obwalden.pdf,,,,10.09.2020 - Kantonsratssitzung
281,2020-05-28,100,INTER,PROCE,54.20.01,13,,144,Marcel Jöri-Wallimann,Interpellation betreffend volkswirtschaftliche Bedeutung der landwirtschaftlichen Strukturverbesserungsbeiträge,,,,,,,,,,,import/affairs/ow/54.20.0128.05.2020_Beantwortung_des_Regierungsrats.pdf,import/affairs/ow/54.20.0128.05.2020_Interpellation_betreffend_volkswirtschaftliche_Bedeutung_der_landwirtschaftlichen_Strukturverbesserungsbeitraege.pdf,,,,10.09.2020 - Kantonsratssitzung
282,2020-05-28,100,INTER,PROCE,54.20.02,10,,115,Josef Allenbach,Interpellation betreffend OKB und Klimaziele des Pariser Abkommens,,,,,,,,,,,import/affairs/ow/54.20.0228.05.2020_Beantwortung_des_Regierungsrats.pdf,import/affairs/ow/54.20.0228.05.2020_Interpellation_betreffend_OKB_und_Klimaziele_des_Pariser_Abkommens.pdf,,,,10.09.2020 - Kantonsratssitzung
283,2020-05-28,100,INTER,PROCE,54.20.03,16,,112,Remo Fanger,Interpellation betreffend Interkantonale polizeiliche Zusammenarbeit mit anderen Polizeikorps,,,,,,,,,,,import/affairs/ow/54.20.0328.05.2020_Beantwortung_des_Regierungsrats.pdf,import/affairs/ow/54.20.0328.05.2020_Interpellation_betreffend_Interkantonale_polizeiliche_Zusammenarbeit_mit_anderen_Polizeikorps.pdf,,,,10.09.2020 - Kantonsratssitzung
284,2020-06-26,100,INTER,PROCE,54.20.05,7,,136,Eva Morger,Interpellation betreffend finanzielle und personelle Ressourcen für den Naturschutz im Kanton Obwalden,,,,,,,,,,,import/affairs/ow/54.20.0526.06.2020_Beantwortung_des_Regierungsrats.pdf,import/affairs/ow/54.20.0526.06.2020_Interpellation_betreffend_finanzielle_und_personelle_Ressourcen_fuer_den_Naturschutz_im_Kanton_Obwalden.pdf,,,,10.09.2020 - Kantonsratssitzung
285,2020-06-26,100,INTER,PROCE,54.20.04,6,,134,Thomas Michel,Interpellation betreffend Entwicklung und Auswirkungen der zugewanderten Erwerbstätigen,,,,,,,,,,,import/affairs/ow/54.20.0426.06.2020_Beantwortung_des_Regierungsrats.pdf,import/affairs/ow/54.20.0426.06.2020_Interpellation_betreffend_Entwicklung_und_Auswirkungen_der_zugewanderten_Erwerbstaetigen.pdf,import/affairs/ow/54.20.0426.06.2020_Staatsangehoerigkeit_der_Schuelerinnen_und_Schueler_in_der_Volksschule_im_Kanton_Obwalden.pdf,,,10.09.2020 - Kantonsratssitzung
286,2020-10-22,100,INTER,PROCE,54.20.14,17,,133,Petra Rohrer-Stimming,Interpellation betreffend Fallkosten Kantonsspital Obwalden,,,,,,,,,,,import/affairs/ow/54.20.1422.10.2020_Beantwortung_des_Regierungsrats.pdf,import/affairs/ow/54.20.1422.10.2020_Interpellation_betreffend_Fallkosten_Kantonsspital_Obwalden.pdf,,,,28.01.2021 - Kantonsratssitzung
287,2020-10-22,100,INTER,PROCE,54.20.11,15,,145,Dominik Imfeld,Interpellation betreffend Förderung moderner Teilzeitmodelle zur besseren Vereinbarkeit von Familie und Beruf,,,,,,,,,,,import/affairs/ow/54.20.1122.10.2020_Beantwortung_des_Regierungsrats.pdf,import/affairs/ow/54.20.1122.10.2020_Interpellation_betreffend_Foerderung_moderner_Teilzeitmodelle_zur_besseren_Vereinbarkeit_von_Familie_und_Beruf.pdf,,,,28.01.2021 - Kantonsratssitzung
288,2020-10-22,100,INTER,PROCE,54.20.12,14,,145,Dominik Imfeld,Interpellation betreffend Strategieprozess in der Akutversorgung,,,,,,,,,,,import/affairs/ow/54.20.1222.10.2020_Beantwortung_des_Regierungsrats.pdf,import/affairs/ow/54.20.1222.10.2020_Interpellation_betreffend_Strategieprozess_in_der_Akutversorgung.pdf,,,,28.01.2021 - Kantonsratssitzung
289,2020-10-22,100,INTER,PROCE,54.20.13,16,,144,Marcel Jöri-Wallimann,Interpellation betreffend Szenarien zur Verbesserung der Staatsrechnung,,,,,,,,,,,import/affairs/ow/54.20.1322.10.2020_Beantwortung_des_Regierungsrats.pdf,import/affairs/ow/54.20.1322.10.2020_Interpellation_betreffend_Szenarien_zur_Verbesserung_der_Staatsrechnung.pdf,,,,28.01.2021 - Kantonsratssitzung
290,2020-09-10,100,INTER,PROCE,54.20.07,21,,113,Benno Dillier,Interpellation betreffend veränderte Verkehrsführung auf der A8 vor dem Loppertunnel,,,,,,,,,,,import/affairs/ow/54.20.0710.09.2020_Beantwortung_des_Regierungsrats.pdf,import/affairs/ow/54.20.0710.09.2020_Interpellation_betreffend_veraenderte_Verkehrsfuehrung_auf_der_A8_vor_dem_Loppertunnel.pdf,,,,03.12.2020 - Kantonsratssitzung
291,2020-09-10,100,INTER,PROCE,54.20.06,17,,148,Gregor Jaggi,Interpellation betreffend Sicherstellung der interkantonalen Zusammenarbeit zur intensivmedizinischen Versorgung von PatientInnen aus dem Kanton Obwalden,,,,,,,,,,,import/affairs/ow/54.20.0610.09.2020_Beantwortung_des_Regierungsrats.pdf,import/affairs/ow/54.20.0610.09.2020_Interpellation_betreffend_Sicherstellung_der_interkantonalen_Zusammenarbeit_zur_intensivmedizinischen_Versorgung_von_PatientInnen_aus_dem_Kanton_Obwalden.pdf,,,,03.12.2020 - Kantonsratssitzung
292,2020-09-10,100,INTER,PROCE,54.20.09,30,,126,Albert Sigrist,Interpellation betreffend Personalverleih zwischen den Sozialinstitutionen und dem Kantonsspital Obwalden,,,,,,,,,,,import/affairs/ow/54.20.0910.09.2020_Beantwortung_des_Regierungsrats.pdf,import/affairs/ow/54.20.0910.09.2020_Interpellation_betreffend_Personalverleih_zwischen_den_Sozialinstitutionen_und_dem_Kantonsspital_Obwalden.pdf,,,,03.12.2020 - Kantonsratssitzung
293,2020-09-10,100,INTER,PROCE,54.20.10,24,,114,Mike Bacher,Interpellation betreffend Keine Macht den Kartellen! - Erkennung unzulässiger Wettbewerbsabreden,,,,,,,,,,,import/affairs/ow/54.20.1010.09.2020_Beantwortung_des_Regierungsrats.pdf,import/affairs/ow/54.20.1010.09.2020_Interpellation_betreffend_Keine_Macht_den_Kartellen_-_Erkennung_unzulaessiger_Wettbewerbsabreden.pdf,,,,03.12.2020 - Kantonsratssitzung
294,2020-09-10,100,INTER,PROCE,54.20.08,10,,136,Eva Morger,Interpellation betreffend Regelung von Praktika,,,,,,,,,,,import/affairs/ow/54.20.0810.09.2020_Beantwortung_des_Regierungsrats.pdf,import/affairs/ow/54.20.0810.09.2020_Interpellation_betreffend_Regelung_von_Praktika.pdf,,,,03.12.2020 - Kantonsratssitzung
295,2020-12-03,100,INTER,PROCE,54.20.18,9,,150,Ivo Herzog,Interpellation betreffend Datenschutz und seine Durchsetzung,,,,,,,,,,,import/affairs/ow/Interpellation_betreffend_Datenschutz_und_seine_Durchsetzung.pdf,,,,,18.03.2021 - Kantonsratssitzung
296,2020-12-03,100,INTER,PROCE,54.20.16,8,,126,Albert Sigrist,Interpellation betreffend Überprüfung Wahlverfahren der Gerichte,,,,,,,,,,,import/affairs/ow/Interpellation_betreffend_Ueberpruefung_Wahlverfahren_der_Gerichte.pdf,,,,,18.03.2021 - Kantonsratssitzung
297,2020-12-03,100,INTER,PROCE,54.20.20,9,,111,Guido Cotter,Interpellation betreffend Fluglärm in Obwalden,,,,,,,,,,,import/affairs/ow/Interpellation_betreffend_Fluglaerm_in_Obwalden.pdf,,,,,
298,2020-10-22,100,MOTIO,PROCE,52.20.03,15,,144,Marcel Jöri-Wallimann,"Motion betreffend Entschädigungspflicht von Nutztieren, die durch den Wolf gerissen oder verletzt wurden",,,,,,0,,,,,import/affairs/ow/52.20.0322.10.2020_Beantwortung_des_Regierungsrats.pdf,import/affairs/ow/52.20.0322.10.2020_Motion_betreffend_Entschaedigungspflicht_von_Nutztieren_die_durch_den_Wolf_gerissen_oder_verletzt_wurden.pdf,,,,28.01.2021 - Kantonsratssitzung
299,2020-10-22,100,MOTIO,PROCE,52.20.02,12,,141,Helen Keiser-Fürrer,Motion betreffend Aufhebung der Schontage fürs Pilzsammeln,,,,,,0,,,,,import/affairs/ow/52.20.0222.10.2020_Beantwortung_des_Regierungsrats.pdf,import/affairs/ow/52.20.0222.10.2020_Motion_betreffend_Aufhebung_der_Schontage_fuers_Pilzsammeln.pdf,,,,28.01.2021 - Kantonsratssitzung
300,2020-10-22,100,MOTIO,PROCE,52.20.04,7,,138,Max Rötheli,Motion betreffend Einführung des doppelten Pukelsheim in Obwalden,,,,,,1,,,,,import/affairs/ow/52.20.0422.10.2020_Beantwortung_des_Regierungsrats.pdf,import/affairs/ow/52.20.0422.10.2020_Motion_betreffend_Einfuehrung_des_doppelten_Pukelsheim_in_Obwalden.pdf,,,,28.01.2021 - Kantonsratssitzung
301,2021-01-28,100,INTER,RECEI,54.21.02,16,XXX,133,Petra Rohrer-Stimming,Interpellation betreffend Corona Massnahmen in den öffentlichen Schulen,,,,,,,,,,,import/affairs/ow/Interpellation_betreffend_Corona_Massnahmen_in_den_oeffentlichen_Schulen.pdf,,,,,18.03.2021 - Kantonsratssitzung
302,2021-01-28,100,INTER,RECEI,54.21.01,20,XXX,124,André Windlin,Interpellation betreffend Corona-Pandemie; darf man auch kritisch sein?,,,,,,,,,,,import/affairs/ow/Interpellation_betreffend_Corona-Pandemie_darf_man_auch_kritisch_sein.pdf,,,,,18.03.2021 - Kantonsratssitzung
303,2021-01-28,100,MOTIO,RECEI,52.21.02,15,XXX,109,Daniel Blättler,Motion betreffend Ausbreitung der Wölfe: Werden die Interessen der Berggebiete genügend berücksichtigt?,,,,,,,,,,,import/affairs/ow/Motion_betreffend_Ausbreitung_der_Woelfe_Werden_die_Interessen_der_Berggebiete_genuegend_beruecksichtigt.pdf,,,,,
304,2021-01-28,100,MOTIO,RECEI,52.21.01,35,XXX,114,Mike Bacher,Motion betreffend Einführung eines gemischten Wahlverfahrens für den Obwaldner Kantonsrat,,,,,,,,,,,import/affairs/ow/Motion_betreffend_Einfuehrung_eines_gemischten_Wahlverfahrens_fuer_den_Obwaldner_Kantonsrat.pdf,,,,,
305,2020-12-03,100,INTER,RECEI,54.20.17,18,XXX,120,Peter Wälti,Interpellation betreffend Winteruniversiade 2021: Was kostet sie den Kanton Obwalden?,,,,,,,,,,,import/affairs/ow/54.20.1703.12.2020_Beantwortung_des_Regierungsrats.pdf,import/affairs/ow/54.20.1703.12.2020_Interpellation_betreffend_Winteruniversiade_2021_Was_kostet_sie_den_Kanton_Obwalden.pdf,,,,28.01.2021 - Kantonsratssitzung
306,2020-11-29,100,INTER,RECEI,54.20.19,10,XXX,130,Hanspeter Scheuber,Interpellation betreffend A8 Ausfahrt 36 Sarnen Nord in Fahrtrichtung Süd/Giswil Ausfahrt nach Sarnen und Stopp Abzweiger nach Kerns,,,,,,,,,,,import/affairs/ow/54.20.1929.11.2020_Beantwortung_des_Regierungsrats.pdf,import/affairs/ow/54.20.1929.11.2020_Interpellation_betreffend_A8_Ausfahrt_36_Sarnen_Nord_in_Fahrtrichtung_SuedGiswil_Ausfahrt_nach_Sarnen_und_Stopp_Abzweiger_nach_Kerns.pdf,,,,28.01.2021 - Kantonsratssitzung
307,2020-12-01,100,INTER,RECEI,54.20.15,20,XXX,108,Sonnie Burch,Interpellation betreffend Stellwerk-Test 9 im letzten obligatorischen Schuljahr der öffentlichen Schulen im Kanton Obwalden,,,,,,,,,,,import/affairs/ow/54.20.1501.12.2020_Beantwortung_des_Regierungsrats.pdf,import/affairs/ow/54.20.1501.12.2020_Interpellation_betreffend_Stellwerk-Test_9_im_letzten_obligatorischen_Schuljahr_der_oeffentlichen_Schulen_im_Kanton_Obwalden.pdf,,,,18.03.2021 - Kantonsratssitzung
308,2020-12-04,100,MOTIO,RECEI,52.20.05,6,XXX,130,Hanspeter Scheuber,Motion betreffend Anschaffung einer mobilen elektronischen Abstimmungsanlage,"Titel: Anschaffung einer mobilen, elektronischen Abstimmungsanlage Auftrag: Der Regierungsrat wird beauftragt eine mobile, elektronische Abstimmungsanlage, zu evaluieren, zu budgetieren und baldmöglichst zu beschaffen, welche im Kantonsratssaal, sowie an etwelchen anderen Standorten eingesetzt werden kann. Sie soll dabei schnell und genau das jeweilige Abstimmungsresultat an die Ratsleitung geben und auf einer Anzeigetafel präsentieren. Im Weiteren soll sie das Stimmverhalten der einzelnen Parlamentarier festhalten. Der Regierungsrat wird aufgefordert abzuklären ob der gesetzliche Rahmen vorhanden ist um diese Abstimmungsanlage konform zu betreiben und die Daten zu erfassen bzw. zu archivieren. Wenn nötig sollen diese Anpassungen zeitnah zur Hand genommen werden. Begründung - Das Abstimmungsresultat ist innert Sekunden eruiert und angezeigt - Es erfolgen keine Falschzählungen mehr - Der Ratsbetrieb kann speditiver abgehalten werden - Das Abstimmungsverhalten aller Parlamentarier wird einzeln erfasst - Dem einzuführenden Öffentlichkeitsprinzip wird Rechnung getragen - Das Stimmverhalten der Politiker ist festgehalten und für die Bürger klar ersichtlich Datum: 4. Dezember 2020 Mitunterzeichnende: Dokumentnummer:",,,,,,,1,,,import/affairs/ow/52.20.0504.12.2020_Beantwortung_des_Regierungsrats.pdf,import/affairs/ow/52.20.0504.12.2020_Motion_betreffend_Anschaffung_einer_mobilen_elektronischen_Abstimmungsanlage.pdf,,,,18.03.2021 - Kantonsratssitzung
