id,sessions,affair,politican,signatory info ,order,title,content
100,28.01.2010 - Kantonsratssitzung,100,138,Max Rötheli,,Motion betreffend befristete Sondersteuer für Infrastrukturanlagen der Gemeinden,"Ich möchte dem Regierungsrat für die schnelle Beantwortung meiner Motion bestens danken. Die Forderung soll im Rah- men der anstehenden Steuergesetzrevision, die ja dieses Jahr noch vorgesehen ist, geprüft und dem Kantonsrat im Zusammenhang bei einem Steuerge- setzrevision ein Vorschlag unterbreitet werden. Für die Gemeinden ist es sehr wichtig, dass die Fi- nanzierung von grösseren Investitionen gesichert ist. Es muss künftig möglich sein, dass bei einem Investi- tionsbeschluss mit einer befristeten Sondersteuer die Finanzierung geregelt werden kann und zwar gleich- zeitig mit dem Investitionsbeschluss und nicht erst bei einer folgenden Budgetgemeindeversammlung, an welcher der Steuerfuss aufgrund von Budgetvorgaben diskutiert wird, und das Investitionsvorhaben vielleicht bereits in der Ausführung steckt. In diesem Sinne ist in der Begründung des Regie- rungsrats nichts mehr beizufügen. Ich bitte Sie, der Motion zuzustimmen, die Motion zu überweisen, damit die Gemeinden die Möglichkeit einer Einführung einer Sondersteuer erhalten."
,,,,,,,
,22.04.2010 - Kantonsratssitzung,101,201,Willy Fallegger (SVP),,Motion betreffend Bildungsraum Zentralschweiz,"Vorerst bedanke ich mich beim Regierungsrat für die Beantwortung der Motion. Nach dem Durchlesen der Antwort des Regierungsrats ist bestätigt, was man in unseren Kreisen schon einige Zeit denkt. Es ist klar, dass in allen Kantonen, in de- nen der Beitritt zum HarmoS-Konkordat abgelehnt wurde, so weiter gefahren wird wie bis jetzt geplant, an gewissen Orten mit ein paar Schwierigkeiten. Da habe ich schon ein paar Vorbehalte an das Demokratiever- ständnis. Man stützt sich vor allem auf den vom Volk – in Unwissenheit dessen, was kommen wird – ange- nommenen Bildungsartikel. Der Regierungsrat hat aber in seiner Antwort leider ganz vergessen, dass die Obwaldner Stimmbevölkerung am 16. Mai 2004 die erste Vorlage des neuen Bildungsgesetzes an der Urne ablehnte. Die Gründe für die damalige Ableh- nung sollten dem Regierungsrat noch bekannt sein. Das Geschäft HarmoS wurde vom Regierungsrat von sich aus sistiert, um nicht einen weiteren ablehnenden Kanton zu haben. Der Regierungsrat kann mit Recht behaupten, dass über die Meinung des Stimmvolks nur spekuliert werden kann. Dass die Obwaldner Be- völkerung klar Nein sagen wird, das ist sich der Regie- rungsrat ganz klar bewusst, sonst hätte er das Ge- schäft kaum sistiert. Es ist unbestritten, dass eine Harmonisierung der Bildung mindestens in der Schweiz in den wichtigen Fragen nötig ist: Einheitlicher Schulbeginn, einheitli- che Schuldauer, einheitliche Stufen und so weiter. Deshalb hat auch das Schweizer Volk so deutlich Ja zum Bildungsartikel gesagt. Der Aufnahme des Bil- dungsartikels in die Verfassung müsste logischerwei- se die Ausarbeitung des Bildungsgesetzes folgen. Diesen Weg hat man aber mit Hinweis auf die Bil- dungsautonomie der Kantone nicht verfolgt. Ein allfäl- liges eidgenössisches Bildungsgesetz hätte einiges zu Tage gefördert und hätte in den Augen der linken Bildungsideologen zu einer Verwässerung in ihrem System geführt und erst noch das Risiko des Schei- terns an der Urne beinhaltet, die Kantonsautonomie in der Bildung, obwohl formell noch intakt, ausgehebelt und schlussendlich jeder Einflussnahme durch das Volk entzogen.  Es wurde immer gesagt, dass das HarmoS-Konkordat in Kraft treten wird, wenn mindestens zehn Kanton beitreten, was erfüllt ist. Ferner wurde gesagt, dass das Konkordat für ablehnende Kantone erzwungen werden kann, falls 18 Kantone zustimmen. Diese Quote wird nicht erreicht. Daher spricht man nicht mehr davon, sondern nimmt jetzt zur Erzwingung den Bildungsartikel zu Hilfe. Mindeststandards, nationale Bildungsstandards: Was gab es früher? Wer den Mindeststandard nicht erreichte konnte nicht in die nächsthöhere Klasse steigen. Das Sitzenbleiben soll abgeschafft werden. Statt Mindeststandards wird ein System von Leis- tungsstufen eingeführt. Klar ausgedrückt heisst das: Vom ganz Dummen bis zum ganz Gescheiten werden für jede Stufe Anforderungen definiert. Dabei wird der Begriff Leistungsprinzip so angewendet, dass eben jeder das leistet, was er leisten kann. Es kann ohne Weiteres so angesehen werden, dass die Stufe 1 unbrauchbar bedeutet und die Stufe 6 sehr gut. Schlussendlich können diese Zahlen zum Beispiel von einem Lehrmeister wie Noten, wie man sie früher gekannt hat, gelesen werden. Wir können also gar nichts gegen die Einführung von nationalen Bildungs- standards haben, wenigstens nicht in den Grundlagen- fächern Muttersprache, Lesen und Schreiben, Eng- lisch, Rechnen und Geometrie, später Mathematik. Problematisch wird es mit den wichtigen Fächern Physik, Chemie und Biologie, welche in der Bildung 21 nicht mehr existieren. Andere Bildungsstandards kön- nen mit dem Wissen, wie sie zustande kommen, bei der Beurteilung eines Schülers ignoriert werden. Klassenlehrerprinzip: In der Antwort des Regierungsrats kommt ganz klar zum Ausdruck, dass der Klassenlehrer nicht abge- schafft wird. Es wird nur der Begriff umdefiniert. Der Klassenlehrer ist der Verantwortliche für die Klasse, ein Hauptansprechpartner. Das sagt gar nichts mehr darüber aus, ob er nun die Klasse zu 20 Prozent oder zu 80 Prozent unterrichtet. Es kann uns niemand verbieten, in der Innerschweiz unsere Schüler besser zu bilden. Ein Augenmerk ist dabei auf die gescheitesten und obersten Leistungs- drittel zu legen. In der Ausgestaltung des Innerschwei- zer Bildungsraums ist auf die Komptabilität mit den Bildungsartikeln zu achten. Ebenfalls soll eine Komp- tabilität mit den HarmoS-Kantonen weitgehend an- gestrebt werden. Noch ein nicht unwesentlicher Punkt zu HarmoS: In Artikel 4 Absatz 4 des HarmoS-Konkordats steht, dass für Kinder mit Migrationshintergrund im Rahmen von HarmoS künftig von den Volksschulen auch Kurse in heimatlicher Sprache und Kultur anzubieten sind. Wer soll das bezahlen? Hocherfreut bin ich über den Satz in der Zusammen- fassung, wonach Bund und Kanton für eine hohe Qua- lität zu sorgen haben. Leider wird die Qualität an den Schulen immer schlechter, was sich mit HarmoS und dem Lehrplan 21 noch verstärken wird. Offenbar müs- sen sich 60 Prozent der Berufsschüler in Luzern mit Stützkursen und Nachhilfeunterricht ihr Rüstzeug zusätzlich aneignen, um in den Berufsschulen mithal- ten zu können. Das schreibt die Präsidentin der CVP Emmen am 13. April 2010 in der OZ. Ich zitiere den Schluss: “Wir haben ein Schulsystem bei dem die Sekundarstufe B langsam aber sicher unter das Ni- veau sinkt, das eine Sekundarschule haben sollte. Die meisten Absolventen der Sekundarschule Niveau B bringen heute die Voraussetzungen für eine an- spruchsvolle Berufslehre nicht mehr mit.” Ja, wie recht sie leider hat. “Ferner habe ich den Eindruck, dass die Berufslehren sich mehr und mehr verakademisieren und dass dadurch bei so vielen Berufsschülern Prob- leme entstehen. Es ist dringend nötig, dass die invol- vierten Stellen sich an einen runden Tisch setzen und das Gespräch suchen, denn diese Situation kann für die Zukunft nichts Gutes bringen.” Bildung ist unsere wichtigste Ressource. Die Leis- tungsträger von morgen sitzen heute in den Schulbän- ken. Springen Sie doch über Ihren Schatten und un- terstützen Sie meine Motion für eine bessere Bildung. Die Zentralschweiz könnte eine Vorreiterin von besse- ren Schulen sein, als in Zukunft geplant ist. "
,,101,,"Enderli Franz, Regierungsrat",,,"Die Motion der SVP- Fraktion gab mir die Gelegenheit, in einer relativ um- fassenden Art und Weise die Situation zu schildern, darzustellen und Ihnen zu präsentieren. Ich habe das Gefühl, dass wir mit dieser Antwort auf die gestellten Fragen in einem ausschweifenden und auch argumen- tativen Sinne aufzeigen konnten, wie es im Umfeld von HarmoS und wie es im Umfeld der gestellten Fragen steht. Ich durfte mit Genugtuung feststellen, dass wir in vielen Punkten wirklich absolut auf gutem Kurs sind, und dass das durch unser Bildungsgesetz, das wir hier durch eine Volksabstimmung im Jahr 2006 gebracht haben, abgestützt ist. Das war unsere Aufgabe. Ich könnte nun noch auf einzelne Punkte von Willy Fallegger eingehen. Ich weiss nicht, ob die Diskussion den Rahmen eines Parlamentsbetriebs sprengen würde. Ich glaube, die Antworten auf die gestellten Fragen liegen auf dem Tisch. Ich weiss natürlich, und das wurde mir bei der Behandlung dieser Motion wie- der bewusst, dass wir in einem System eingebunden sind, in dem der Föderalismus an Grenzen stösst. Aber in der Schweiz ist es so geregelt, dass die Schu- le und die Bildung in der Hoheit der Kantone liegen. Das wurde im neunzehnten Jahrhundert so entschie- den. Die Kantons wehrten sich immer gegen den Schulvogt und dass von Bern her Vereinheitlichungen gemacht werden können. Wir haben nun einerseits das System. Aber auf der anderen Seite haben wir in diesem System in der Schweiz etwa 700 Konkordate. Damit tragen wir der Föderalismusdebatte Rechnung. In diesem Verhältnis bewegen wir uns. Die Bildungs- debatte um HarmoS herum steckt genau in diesem Spannungsfeld. Dieser Situation müssen wir Rech- nung tragen. Sie haben es richtig gesagt: Den Volkswillen haben wir hier im Kanton nicht erfasst. Wir hatten keine Ab- stimmung zu HarmoS, es ist eine Mutmassung. Der Regierungsrat hat jedoch die Abstimmung aus den erwähnten Gründen sistiert. Ich bitte Sie, die Antwort so zur Kenntnis zu nehmen und diese auch für die weitere Diskussion zu brau- chen. Sie wurde für mich ein Stück weit zu einem Grundlagenpapier für meine Argumentation in der Bildungspolitik. Ich bitte Sie, die Motion aufgrund die- ser Antwort abzulehnen."
,,,,,,,
,22.04.2010 - Kantonsratssitzung,102,202,Peter Wechsler Kerns,,Motion betreffend „Den Geist des Juko-Pavillon am Leben erhalten“,"Ich habe die Motion ein- gereicht, weil ich überzeugt bin, dass Jugendliche einen Treffpunkt brauchen. Ich bin überzeugt, dass die Jugend unterstützt werden soll, wenn sie sich kulturell aktiv betätigt. Veranstaltungen, die vom Juko organi- siert werden, sind eine positive Art, sich mit unserer Gesellschaft auseinanderzusetzen. Jugendliche, die bereit sind, sich zu engagieren, sollen Unterstützung erfahren und nicht das Gefühl erhalten, es würden ihnen Steine in den Weg gelegt. Der Juko-Pavillon wird und muss ersetzt werden. Die heutigen Räumlichkeiten sind in einem schlechten Zustand. Die Lärmimmissionen sind für die direkten Nachbarn eine Belastung. Die Standortfrage des Jukos ist zentral. Daher habe ich die Motion eingereicht. Ein Provisorium am richti- gen Standort wäre kein Problem. Ein Provisorium an einem falschen Standort birgt die Gefahr, dass sich ausser den Jugendlichen später niemand mehr für eine Veränderung einsetzen wird. Ich danke dem Regierungsrat für das Entgegenneh- men unserer Motion im Sinne seiner Ausführungen. Die Verknüpfung mit dem Jugendkulturraum ist ein folgerichtiges Argument. Die Beantwortung der Fragen auf den Herbst 2010 zu verschieben, ist nachvollzieh- bar und richtig. In diesem Sinne bin ich befriedigt von der Beantwortung und danke für die umsichtigen Ab- klärungen. Ich bin überzeugt, dass es in Zukunft bei- des brauchen wird, einen Juko-Treffpunkt und einen Jugendkulturraum. Ein Jugendkulturraum braucht aber auch junge Menschen, die bereit sind, Zeit und Enga- gement für die Sache einzusetzen. Wenn das ebenso gut gelingt wie beim Juko, dann haben wir viel für unsere Gesellschaft getan. Ganz wichtig erscheint mir bei dieser Sache die Auf- gabenteilung zwischen Kanton und Gemeinden. Der Kanton signalisiert ja unmissverständlich, dass er bereit ist, die Federführung zu übernehmen und für das erste Mal mindestens für die Übergangslösung die Kosten zu tragen. Die Zuständigkeit der beiden Kör- perschaften respektive die Finanzierungsfrage führte in der Vergangenheit schon hie und da zu Auseinan- dersetzungen. Die Jugendarbeit darf nicht zum Spiel- ball zwischen Kanton und Gemeinden werden. In diesem Sinne bitte ich den Regierungsrat, auch in Sachen Finanzierungsfragen die nötigen Überlegun- gen zu machen, damit im Herbst Nägel mit Köpfen eingeschlagen werden können. Die Kraft, die Begeisterung und Initiative und damit verbunden das politische Denken unserer Jugend verdienen, den richtigen Nährboden zu schaffen."
,,102,,Gasser Pflug Esther,,,Ich habe ei- gentlich zu dieser Motion nichts mehr hinzuzufügen. Sie konnten sie lesen. In diesem Sinne wurde sie beantwortet und so werden wir auch vorgehen. Sie werden im Hebst dieses Jahres weitere Auskunft über das Betriebskonzept und über die möglichen Standor- te erhalten.
,,102,138,Max Rötheli,,,"Die Motion beinhaltet ein wichtiges An- liegen der Jugendlichen, einen Jugendtreffpunkt. Der Juko-Pavillon hat eine wichtige Funktion. Er ist ein wichtiger Treffpunkt für die Obwaldner Jugend. Die im Juko-Pavillon durchgeführten Anlässe werden immer gut besucht. Dass das neue, geplante, beziehung- sweise momentan geprüfte Jugendkulturzentrum zur Ablösung des Juko-Pavillons führen soll, ist richtig. Die SP-Fraktion hat beruhigt zur Kenntnis genommen, dass der heutige Juko-Pavillon am jetzigen Standort erst abgerissen wird, wenn eine Lösung betriebsbereit für unsere Jugendlichen zur Verfügung steht. Dass alle Gemeinden nach Aussage des Regierungsrats einen Jugendkulturraum gemeinsam anzugehen und zu finanzieren haben, ist nur bedingt richtig. Wer für die Jugendfragen schlussendlich zuständig ist – die Gemeinden oder der Kanton – ist gesetzlich nicht explizit geregelt. Darum sind der Kanton und alle Ge- meinden für die Planung, für die Realisierung und für die Finanzierung zuständig. Es muss ein gemeinsa- mes Werk geben. Die übrigen Punkte der Stellungnahme des Regie- rungsrats zum Motionsinhalt kann die SP-Fraktion voll unterstützen, vor allem auch den nun eingeschlage- nen Weg zur Ablösung des heutigen Juko-Pavillons am heutigen Standort. Wichtig erscheint mir auch, dass die Meinung der Jugendlichen bei der neuen Lösungsfindung miteinbezogen wird. In diesem Sinne danke ich dem Regierungsrat be- stens für den eingeschlagenen Weg. Die SP-Fraktion wird die Motion einstimmig unterstützen und der Überweisung zustimmen."
,,102,209,Küchler Urs,,,"Ich will es kurz machen. Die Motion wurde auch in der CVP-Fraktion diskutiert. Die CVP- Fraktion ist sehr froh darüber, dass der Regierungsrat den Geist des Juko-Pavillons nicht einfach sterben lassen will, sondern dass man für die Jugendlichen und für ihre Anliegen Lösungen sucht, eine Über- gangslösung sucht, das heisst, einen definitiven Standort sucht. Auch die CVP-Fraktion wird der Überweisung der Motion einstimmig zustimmen und ist froh, dass Lö- sungen gesucht und gefunden werden."
,,,,,,,
,,103,203,Helen Imfeld Ettlin Lungern,,Anfrage betreffend Zusammensetzung des Eigenkapitals,
,,,,,,,
,22.04.2010 - Kantonsratssitzung,104,204,Beat von Wyl Giswil,,Interpellation betreffend Kantonsfinanzen: Fakten auf den Tisch,"Was erwarten Sie von mir, von der SP-Fraktion? Begeisterung über die Ant- wort des Regierungsrats, Zufriedenheit oder Enttäu- schung? Ich will keine umfassende Antwort geben und beschränke mich auf die Einnahmenseite der Kan- tonsfinanzen und auf die Punkte eins und zwei in der Antwort des Regierungsrats. Ganz entscheidend für die Diskussion scheint uns die Grössenordnung, um die es geht. Der Finanzplan weist Lücken in der Einnahmenseite auf, die beim Finanzausgleich des Bundes über 30 Millionen Fran- ken ausmachen. Das sind über 10 Prozent des Kan- tonsbudgets oder über 40 Prozent der eigenen Steuer- einnahmen. Oder anders gesagt: sechs Mal mehr, als wir vor sechs Jahren im GAP-Projekt in einer aufwen- digen Arbeit erarbeiten konnten. Das ist ein Umfang, der ans Eingemachte geht. Auch wenn es im Moment noch nicht stark auffällt, da der Kanton ein hohes Eigenkapital hat und in den letzten Jahren sehr gute Abschlüsse erzielte. Zur Frage 1 der Interpellation beziehungsweise der Antwort des Regierungsrats: Wir lesen mit Erstaunen, dass der Regierungsrat bei den Steuererträgen keine Stagnation erkennt. Als Referenz können wir bei- spielsweise die Steuererträge von allen Kantonen nehmen, die in der Finanzstatistik des Bundes darge- stellt sind. Bei allen Kantonen wurde in fünf Jahren – von 2002 bis 2007 – ein Zuwachs von zwanzig Pro- zent erreicht. Der Kanton Obwalden hat im gleichen Zeitraum eine Steigerung von lediglich vier Prozent erreicht. Seit 2007 liegen die Erträge konstant bei zirka 71 Millionen Franken. Wie soll man da jeman- dem erklären, dass das keine Stagnation ist. Selbst- verständlich ist das nicht erfreulich. Aber prekär wird es dort, wo es einen markanten Rückgang gibt, so wie beim Finanzausgleich des Bundes für die nächsten Jahre. Da sagt der Finanzplan des Kantons von 2009 bis 2013 einen Rückgang von 31 Millionen Franken voraus. Es sind keine Anzeichen erkennbar, dass dieser Ausfall durch andere Einnahmen einigermas- sen kompensiert werden kann. Jetzt kann man des Langen und Breiten über die Ge- wichtung dieser Fakten reden, aber es geht ja auch um folgende Frage: Wo setzen wir unsere politische Energie ein, indem wir über solche Aspekte noch ausführlich die Einigkeit finden müssen? Ich will sie nicht dort einsetzen, wo man um den heissen Brei herumredet, sondern dort, wo man eine Situation klar und objektiv analysiert und dann gemeinsam nach Lösungen sucht. Eigentlich ist es erstaunlich: Mit dem Priorisie- rungsprogramm und der Zielsetzung, das Ergebnis um 10 bis 20 Millionen Franken zu verbessern, hat der Regierungsrat die Notwendigkeit zum Handeln mehr als bekräftigt. Warum er trotzdem von einem erhöhten Handlungsspielraum spricht, den wir schon erreicht hätten, ist nicht nachvollziehbar. Zum Schluss will ich es so ausdrücken: Dass bei sol- chen Antworten eine bodenständige Verärgerung aufkommt, können Sie vielleicht nachvollziehen. Von der Antwort des Regierungsrats sind wir in diesem Sinne nur teilweise befriedigt."
,,104,,Wallimann Hans Landstatthalter,,,Man darf auch schweigen.
,,,,,,,
,,,,,,,
,09.09.2010 - Kantonsratssitzung,105,205,Heidi Wernli Gasser SP,,Motion betreffend Entschädigung der nebenamtlichen Richter und Richterinnen für das Aktenstudium,
,,105,211,Ruth Koch-Niederberger,1,,"Für die aus dem Kantonsrat ausgeschiedene Wernli Gasser Heidi übernimmt Koch-Niederberger Ruth die Vertretung der Motion.  Es geht hier um den letz- ten Vorstoss von Heidi Wernli Gasser, den sie an ihrer letzten Sitzung einreichte. Sie wollte die Situation von verschiedenen Kommissionsmitgliedern in Sachen Entschädigung verbessern und wollte hier einen An- fang machen. Heute ist es so, dass die nebenamtlichen Richterinnen und Richter Taggelder erhalten, so wie wir das auch erhalten. Diese decken die Teilnahme an den Ge- richtssitzungen, das Aktenstudium und die Spesen. Die Entschädigungen betragen im Durchschnitt 210 Franken für den halben Tag und 300 Franken für den ganzen Tag. Das Aktenstudium ist also in den Taggel- dern enthalten. Mit diesem Taggeld wird das zeitlich sehr aufwendige Studium der Akten jedoch nur unge- nügend entschädigt. Die nebenamtlichen Richterinnen und Richter erhalten jeweils vor den Gerichtssitzungen die Akten und das Urteilsreferat. Das müssen sie studieren. Zum Teil kann es sein, dass der Umfang der Akten mehrere Ordner dick ist. Eine seriöse Vor- bereitung braucht da recht Zeit. Um den Rechtssu- chenden gerecht zu werden, erfordert es einen gros- sen Aufwand. Der Regierungsrat wird mit der Motion aufgefordert, dem Kantonsrat eine Vorlage zu unterbreiten, mit der die Entschädigung des Aktenstudiums im Rahmen von 40 bis 400 Franken je Richterin oder Richter und je Fall festgesetzt wird. Bei Prozessen mit ausseror- dentlichem Zeitaufwand soll diese Entschädigung bis auf höchstens 800 Franken festgelegt werden. Mit der Ablehnung des Behördengesetzes im Jahr 2008 wurde auch die vorgesehene Anpassung der Richter und Richterinnen abgelehnt, obwohl diese Anpassung gar nicht umstritten war. Mit Genugtuung stelle ich nun fest, dass der Regie- rungsrat der Motion zustimmt und empfiehlt, diese zu überweisen. Ich bitte Sie, die Motion betreffend Entschädigung der nebenamtlichen Richterinnen und Richter für das Aktenstudium als erheblich zu erklären und zu über- weisen und dem schon länger anstehenden Anliegen Vorschub zu leisten, damit das da umgesetzt wird."
,,105,,Wallimann Hans Landstatthalter,2,,"Ich möchte nicht viel mehr sagen als den Grund, warum der Regie- rungsrat von sich aus nichts machte. Es ist der klare Entscheid bei der Volksabstimmung zum Behörden- gesetz, bei der rund drei Viertel der Obwaldner Bevöl- kerung das Behördengesetz und alle die darin enthal- tenen Punkte abgelehnt hat. Aus diesen Überlegun- gen hat der Regierungsrat entschieden, von sich aus diesbezüglich einmal nichts zu machen. Wenn von der Volksvertretung entsprechende Vorstösse gemacht werden, dann nimmt der Regierungsrat das Anliegen auf. Ihr Anliegen ist hier deponiert, und der Regie- rungsrat ist bereit, die Motion und den Auftrag zu übernehmen."
,,105,215,Lukas Küng Alpnach,3,,"Der Regierungsrat hat die Motion von Heidi Wernli Gasser kurz und sec beantwortet. Man liest in der Beantwortung, dass aufgrund des grossen Zeitaufwands und den Regelungen in den umliegen- den Kantonen auch der Kanton Obwalden das Akten- studium der nebenamtlichen Richterinnen und Richter zusätzlich entschädigen soll. So legitim das Anliegen der Motionärin ist, so untaug- lich ist meines Erachtens der nun eingeschlagene Weg. Ich bin überzeugt, dass sich dessen auch der Regierungsrat bewusst war, verzichtet er doch darauf, in der Motionsbeantwortung das ganze Umfeld, in welchem die Entschädigungen für die nebenamtlichen Richter eingebettet sind, in einen etwas grösseren Zusammenhang zu stellen. Ich nehme es deshalb vorweg: Ich bin weder dafür, die Motion als erheblich zu erklären, noch dafür, diese zu überweisen. Ich begründe das wie folgt: Das zuerst genannte Argument, wonach auch die umliegenden Kantone entsprechende Regelungen zur Entschädigung vorsehen, ist eigentlich gar keines, weil jeder Kanton ein eigenes System von Entschädi- gungen hat. Es kann meines Erachtens nicht ange- hen, einzelne Elemente daraus herauszugreifen und einander gegenüberzustellen. Man könnte sich fragen, ob mit diesem Argument nicht gleichzeitig auch die Gehälter des Regierungsrats und ebenfalls die Bezü- ge des Kantonsrats angepasst werden müssten. Das Behördengesetz kennt verschiedene Entschädi- gungsgruppen. Einerseits den Kantonsrat mit seinen Kommission (Art. 3), dann die richterlichen Behörden (Art. 10) und die übrigen Kommissionen (Art. 11). Ein Blick ins Gesetz zeigt, dass Kantonsrat und ne- benamtliche Richter die gleichen Ansätze haben. Auch beim Kantonsrat ist das Aktenstudium – genau wie bei den nebenamtlichen Richtern – im Taggeld enthalten. Wir wissen, auch unser Aktenstudium ist umfangreich und auch die Zeit, welche wir in unseren Fraktionen mit der Geschäftsbehandlung einsetzen, ist nicht zu unterschätzen. Die Uhr läuft dabei jeweils schnell. Ich will damit nicht für höhere Bezüge für uns reden, sondern nur aufzeigen, dass die nebenamtli- chen Richter nicht die einzigen sind, die Aktenstudium betreiben und viel Zeit, die nicht bezahlt wird, investie- ren müssen. Besonders störend ist, dass die Sitzungsgelder der “übrigen Kommissionen” – das sind diejenigen, die ich in Artikel 11 genannt habe – über ein Drittel unter denjenigen liegen, welche Kantonsräte und nebenamt- liche Richter erhalten. Ich nenne sie jetzt einmal die “vergessenen Kommissionen”. Diese haben keine grosse Lobby, weil es sich um ganz viele Kommissio- nen handelt, die in der Öffentlichkeit vielleicht nicht so bekannt sind. Ist die Arbeit dieser Kommissionen aber so viel weniger wert? Ich erwähne beispielsweise die Notariatskommission, die auch Verfahren abzuneh- men hat. Ich erwähne auch die Maturitätsprüfungs- kommission. Fällt bei diesen Kommissionen kein grösserer Vorbereitungsaufwand an? Ich habe noch nie eine Matura abgenommen, aber ich kann mir vor- stellen, dass es je nach Fach, in das man sich einle- sen muss, ein erheblicher Aufwand sein kann. Dieser Aufwand ist nach unserem Behördengesetz nicht einmal so entschädigt wie der Aufwand von uns oder von den Gerichten. Mich stört, dass die Motionärin und auch der Regie- rungsrat derartige Aspekte vollkommen ausblenden. Wenn schon Anpassungen gemacht werden sollen, dann aber gesamtheitlich und vor allen auch zuguns- ten der von mir genannten “vergessenen Kommissio- nen”. Ich möchte hier betonen, dass ich in diesen Kommissionen keinen Einsitz habe. Es ist bekannt, dass die Gerichte schon im Rahmen der Justizreform massiv für sich lobbyiert haben. Dies hat nun offensichtlich Früchte getragen. Meiner Mei- nung nach kann es nicht sein, dass demjenigen gege- ben wird, der sich am lautesten artikuliert. Wir haben eine Gesamtverantwortung, und diese nehmen wir nicht wahr, indem wir Lösungen unterstützen, welche sachlich nicht gerechtfertigte Unterschiede nicht nur zementieren, sondern auch noch vergrössern. Zuletzt bin ich auch der Überzeugung, dass viele Leu- te bereit sind, sich zu engagieren, auch wenn das rein finanziell gesehen nicht attraktiv ist. Man kann durch- aus auch einmal Arbeit leisten, die vielleicht nicht marktkonform entschädigt ist. Die Arbeit von uns, beim Gericht und auch bei den übrigen Kommissionen bietet interessante Einblicke in verschiedene Lebens- bereiche und die Leute, welche diese Arbeit machen, haben meist nicht die finanzielle Entschädigung im Hinterkopf. Ich bin überzeugt, dass es unserem Staatswesen gut tut, wenn wir auch das berücksichti- gen. In diesem Sinne kann ich eine Exklusivlösung – und das ist es leider – für die nebenamtlichen Richter nicht befürworten. Wenn schon, dann muss die Entschädi- gungsfrage in einen breiteren Zusammenhang gestellt werden. Das ist schwierig, das ist mir bewusst. Es ist jedoch wichtig, dass insbesondere auch die übrigen Kommissionen und die Leute, die dort eine Arbeit leisten und sich einsetzen, nicht vergessen werden. Nicht so wie heute, wo sie letztlich einen Drittel weni- ger für ihre Arbeit erhalten. Ich bitte Sie deshalb im Sinne der Gleichbehandlung, die Motion nicht zu überweisen. Das mache ich auch im Namen der FDP-Fraktion."
,,105,206,Omlin Lucia,4,,"Ich knüpfe am Votum meines Vorred- ners an. Auch die CVP-Fraktion hat grösste Beden- ken, wenn man eine isolierte Betrachtung bei der Entschädigung des Aktenstudiums der nebenamtli- chen Richter und Richterinnen macht. Wie das Lukas Küng gesagt hat, gibt es viele Kommissionen, die genauso grosse Arbeit leisten und keine entsprechen- de Entschädigung erhalten und einfach nur ihr Tag- geld haben. Daher können wir das Anliegen unterstüt- zen. Es ist auch so, dass sich die CVP-Vertreter in der Kommission Justizreform bereits dort dafür einsetzen, dass eine Gesamtschau der Kommissionen gemacht wird. Nichtsdestotrotz stimmt jedoch die CVP-Fraktion dem Antrag des Regierungsrats zu und erklärt die Motion nach dem Motto “Lieber den Spatz in der Hand, als die Taube auf dem Dach” als erheblich."
,,105,200,Wyrsch Walter,5,,"Selbstverständlich hat mein Alpnacher Kollege recht, indem er die Mängel beim Namen nennt. Es stimmt auch, dass man da eine Insellösung findet. Trotzdem ist es mir wichtig, dass man in diesem Teilbereich einen Schritt vorwärts geht. Ich bin der Meinung, dass man das nachher bei den anderen Kommissionen auch machen muss. Ich habe für unsere Partei schon mehr als einmal Ersatzleute für die Gerichtskandidaturen gesucht und habe die Gelegenheit gehabt, innerhalb der Partei mit unseren ehrenamtlichen Richterinnen und Richter im Gespräch zu sein. Was mich bei diesen Gesprächen sehr betroffen gemacht hat, ist die Aussage von allen, dass die Komplexität in ihrem Laienrichteramt in den letzten Jahren massiv zugenommen hat. Es ist tat- sächlich so, wie das Ruth Koch gesagt hat, da werden zum Teil Kofferraumladungen mit Ordnern für einen Fall abgegeben, für den nur eine Sitzung stattfindet, die entschädigt wird. Ich fühle mich dieser Gruppe Leute gegenüber verpflichtet, die in einer besonders starken Loyalität zu unserem Staatswesen und auch in einer besonderen öffentlichen Verantwortung stehen. Daher möchte ich der Verpflichtung nachkommen und bin für die Überweisung der Motion. Ich anerkenne jedoch trotz allen die Einschätzung von Lukas Küng."
,,105,125,Peter Seiler,6,,"Ich weiss nicht, ob mit der Umwandlung in ein Postulat erreicht werden könnte, dass die Ent- schädigungen weniger verbindlich auf die Richter und Richterinnen bezogen wären, und dann eine Möglich- keit bestünde, die sogenannten “vergessenen Kom- missionen” einzubeziehen. Falls eine Umwandlung rechtlich möglich ist, dann möchte ich den Antrag stellen, das Ganze in ein Postulat umzuwandeln."
,,105,217,Wildisen,7,,"Ich selber bin Mitglied der Maturakommission. Vor zwei Jahren habe ich den Antrag gestellt, dass wir für das Prüfen der Maturaprüfungen eine spezielle Entschädigung erhal- ten. Es ist so, dass wir jeweils mindestens einen Tag dafür eingesetzt haben, um die Maturaprüfungen gut- heissen zu können. Das ist ein Tag, den ich gearbeitet habe. Daraufhin habe ich den Antrag gestellt, dass ich dafür entschädigt werden möchte. Man ging darauf ein. Es heisst also, dass ich eine spezielle Entschädi- gung erhalte, um die Maturaprüfungen zu begutach- ten. In diesem Sinne wird also in dieser Kommission auch schon eine Spezialentschädigung bezahlt. Wie- so dürfen das nicht auch die Nebenrichter erhalten?"
,,105,,Heidi Brcker,8,,"Ich hatte nicht im Sinn zu diesem Geschäft etwas zu sagen, möchte mich jedoch nun trotzdem noch äussern. Ich war 15 Jahre Mitglied des Obergerichts. Ich kann einige Sachen, die er- wähnt wurden, nur bestätigen. Die Komplexität hat in diesen 15 Jahren sehr stark zugenommen. Ich bin nun seit sechs Jahren nicht mehr im Gericht. Die Komple- xität wird sicher in dieser Zeit nicht abgenommen haben. Was man vielleicht noch speziell dazu sagen muss: Die Arbeitsbedingungen sind so, dass für das Akten- studium vielleicht ein Wochenende oder zwei Abende zur Verfügung stehen, denn die Akten müssen zirku- lieren. Akten, das können Ordner sein, ich habe gros- se Fälle erlebt, bei denen es Bananenschachteln waren. Das war beim Obergericht, das heisst bei der letzten Instanz, bei der sich die Aktenberge noch mehr stapeln. Man kann sich die Zeit nicht frei einteilen, wie wir das bei den Kantonsratsunterlagen machen kön- nen. Wir erhalten hier die Unterlagen in der Regel rechtzeitig. Wir haben Zeit, die Kommissionsarbeiten zu leisten und können das gut einteilen. Ich gebe aber auch Lukas Küng mit seinen Anliegen recht. Ich denke, es wäre gut, wenn man generell schauen würde, wie die verschiedenen Kommissionen im Kanton entschädigt werden. Ich plädiere jedoch trotzdem dafür, dass man die Motion überweist. Ich weiss nicht, ob die Idee von Peter Seiler eine Lösung wäre."
,,105,,Wallimann Hans Landstatthalter,9,,"Ich bin mir bewusst, dass wir da in einer sehr heiklen Situation sind. Wir haben einen ganz klaren Volksentscheid. Das Parla- ment hier im Saal hatte die Bedürfnisse fast einstim- mig beschlossen. Aufgrund eines Referendums muss- te der Entscheid dem Volk zur Abstimmung vorgelegt werden. Das Volk lehnte die Vorlage mit einer Drei- viertelmehrheit ab. Jetzt einfach zu sagen, der Volks- entscheid sei falsch, das masst sich ein Regierungsrat nicht an und masst sich wahrscheinlich auch das Parlament nicht an. Wie ich vorher schon betont habe, musste der Regierungsrat aufgrund dieser Überlegun- gen sagen, dass er mit Löhnen nichts zu tun und auch keine Anträge zu stellen hat, vor allem, da er selber auch betroffen ist. Wenn die Volksvertretung das will, dann sollen bitte aus diesen Reihen entsprechende Vorstösse gemacht werden. Nun wurde ein solcher Vorstoss eingereicht, der ein möglicher Schritt sein kann. Jetzt zur Klärung ""Umwandlung der Motion in ein Pos- tulat"": In Artikel 54 des Kantonsratsgesetzes ist klar definiert, was die Motion ist: “Die Motion beauftragt den Regie- rungsrat den Entwurf zu einem rechtssetzenden Er- lass des Kantonsrats auszuarbeiten oder eine Mass- nahme zu treffen.” Das ist verbindlich. Wenn Sie die Motion erheblich erklären und diese überweisen, dann hat der Regierungsrat für diesen Teil, der hier verlangt wird, eine entsprechende Vorlage auszuarbeiten und Ihnen vorzulegen. Das Postulat ist weniger dringlich. In Artikel 55 ist festgehalten: “Ein Postulat beauftragt den Regierungs- rat, abzuklären, Bericht zu erstatten und Antrag zu stellen, ob ein rechtssetzender Erlass oder ein Be- schluss ausgearbeitet, eine Massnahme ergriffen oder ein Bericht vorgelegt werden soll.” Ich habe das Ge- fühl, dass uns das auch nicht weiterhilft. Es hilft uns echt nicht weiter. Wir wissen grundsätzlich – und da stehe ich nach wie vor dazu, obwohl ich mich vielleicht damit in die Nes- seln setze –, dass wir ein Problem haben. Das besteht nicht nur an einem Ort, sondern an mehreren Orten. Das ist so, aber der Volksentscheid ist zu respektie- ren. Man müsste sich diesbezüglich vielleicht die Überlegungen machen, ob das Konstrukt korrekt ist, dass man für diese Fragen nicht eine Delegation ha- ben müsste, eine Delegation, die zum Beispiel das Parlament darstellen könnte. Da habe ich sehr laut gedacht, das weiss ich. Ich werde wahrscheinlich dafür Prügel erhalten. Ich bitte Sie, diese Gedanken bei Ihren Überlegungen, ob Sie dieser Motion zustimmen und diese überweisen oder in ein Postulat umwandeln wollen, einzubezie- hen. Sie haben gehört, um was es geht. Wahrschein- lich ist eine Diskussion noch notwendig. Wenn Sie sich die Überlegungen bereits gemacht haben und abstimmen können, dann will ich nicht verlängern."
,,105,,***HINWEIS,,,"Auf Anfrage der Ratspräsidentin bestätigt Peter Seiler dass er an seinem Antrag bezüglich Umwandlung in ein Postulat festhält. Von der Ratspräsidentin wird folgendes Vorgehen für die Abstimmung vorgeschlagen: 1. Gegenüberstellung einerseits des Antrags, die Motion als erheblich zu erklären und andererseits des Gegenantrags von Küng Lukas; 2. Wenn die Motion überwiesen wird, dann ist sie gesetzt, sollte sie nicht überwiesen werden, kann sie dem Antrag von Peter Seiler gegenübergestellt wer- den."
,,105,206,Omlin Lucia,10,,Ich würde anders vorgehen. Ich würde zuerst den Antrag des Postulats der Motion gegen- überstellen.
,,105,200,,11,,"Wenn der Vorschlag, den die Rats- präsidentin gemacht hat, rechtlich möglich ist, würde ich diesen natürlich vorziehen, da er die Chance er- höht, dass das Anliegen übernommen wird. Wenn juristisch beide Varianten möglich sind, bin ich dafür, dass wir dem Abstimmungsprozedere folgen, wie das die Präsidentin vorgeschlagen hat: Zuerst die Motion gegen den Antrag von Lukas Küng auf Nichterheblicherklärung und in einem zweiten Schritt, falls die Motion nicht angenommen würde, Abstim- mung über eine Umwandlung in ein Postulat. Es ist eine Milchbüchleinrechnung, aber diese mache ich natürlich."
,,105,,***HINWEIS,,,"Da ein korrekter Vorschlag nicht abschliessend be- stimmt werden kann, wird einer kurzen Pause zuge- stimmt, um die Situation juristisch zu klären."
,,105,,Ratspräsidentin Halter-Furrer-Paula,12,,"Die Abklärung ergibt folgendes Vorgehen: Der Antrag von Peter Seiler ist ein Unterabänderungs- antrag. Sie können das unter Artikel 41 des Kantons- ratsgesetzes nachlesen. Aus diesem Grund werden nun die Abstimmung folgendermassen durchführen: In einem ersten Schritt werden wir über die Motion gegenüber dem Antrag auf Umwandlung in ein Postu- lat abstimmen. Sollte das Postulat obsiegen, dann ist die Abstimmung vorbei und es besteht eine Umwand- lung vom Motionsantrag in ein Postulat. Wenn die Umwandlung abgelehnt wird, dann wird der Antrag des Regierungsrats und der Motionärin dem Antrag von Lukas Küng gegenüber gestellt."
,,105,211,,13,,"Wenn das Vorgehen so ist, möchte ich daran erinnern: Eine Umwandlung in Pos- tulat heisst nichts anderes, als dass Vorabklärungen getroffen werden, ob man die Laienrichter besser entlöhnen will. Das heisst nicht, dass nachher eine Gesamtschau gemacht wird. Wir machen nichts ande- res als eine “Ehrenrunde”, was zu einem Papiertiger wird. Wenn wir die Motion jedoch jetzt überweisen – ich bin natürlich dafür, dass man sie überweist – ha- ben wir die Ehrenrunde gespart. Die Frage ist jetzt bei der ersten Abstimmung: Machen wir eine Ehrenrunde oder nicht."
,,,,,,,
,,,,,,,
,,,,,,,
,,,,,,,
,28.10.2010 - Kantonsratssitzung,106,206,Lucia Omlin,,Motion betreffend Reduzierung der Kapitalsteuer bei gemischten Holding- und Domizilgesellschaften,
,28.10.2010 - Kantonsratssitzung,107,200,Walter Wyrsch,,Motion betreffend Überprüfung der Aufgabenverteilung,
,28.10.2010 - Kantonsratssitzung,108,207,Klaus Wallimann,,Motion betreffend Vereinheitlichung der Baubegriffe und Messweisen,
,02.12.2010 - Kantonsratssitzung,109,208,Paul Vogler,,Interpellation betreffend Denkmalschutz von Wohnhäusern,
,02.12.2010 - Kantonsratssitzung,110,209,Urs Küchler,,Interpellation betreffend Vorprüfungsbericht des Kantons betreffend Teilrevision der Ortsplanung Sarnen,
,27.01.2011 - Kantonsratssitzung,111,210,Jürg Berlinger,,Interpellation betreffend Umsetzung der Initiative durch den Regierungsrat nach der kantonalen Hochwasserschutz-Abstimmung vom 26. September 2010,
,27.01.2011 - Kantonsratssitzung,112,211,Ruth Koch-Niederberger,,Interpellation betreffend Auswirkungen der Projektänderung beim geplanten Doppelspurausbau der Zentralbahn in Hergiswil,
,17.03.2011 - Kantonsratssitzung,113,,Rechtspflegekommission,,Motion betreffend Zusammenarbeit bei der Strafverfolgung von Wirtschaftsdelikten,
,17.03.2011 - Kantonsratssitzung,114,212,Maya Büchi-Kaiser,,Interpellation betreffend Lohngleichheit für Frau und Mann,
,17.03.2011 - Kantonsratssitzung,115,213,Urs Keiser,,Motion betreffend Neuregelung der kantonalen Schulferien,
,17.03.2011 - Kantonsratssitzung,116,211,Ruth Koch-Niederberger,,Motion betreffend Aufgabenteilung und veränderte Finanzierung,
,14.04.2011 - Kantonsratssitzung,117,126,Albert Sigrist,,Interpellation betreffend Neubau Bettentrakt Spital Obwalden mit einheimischem Holz,
,14.04.2011 - Kantonsratssitzung,118,214,Susanne Burch Windlin,,Motion betreffend Einführung von Einbürgerungskommissionen,
,26.05.2011 - Kantonsratssitzung,119,117,Veronika Wagner-Hersche,,"Interpellation betreffend Trägerschaft für das Hilfsangebot ""Pro Juventute Beratung und Hilfe 147""",
,26.05.2011 - Kantonsratssitzung,120,211,Ruth Koch-Niederberger,,Interpellation zur Verkehrssicherheit bei der Kantonsschule Obwalden,
,14.04.2011 - Kantonsratssitzung,121,215,Lukas Küng Alpnach,,Motion betreffend Abschaffung der Baubewilligungspflicht für kleinere Solaranlagen (Sonnen-kollektoren zur Warmwassererzeugung und Photovoltaikanlagen zur Stromerzeugung),
,29.09.2011 - Kantonsratssitzung,122,,,,Volksmotion betreffend befristete finanzielle Beteiligung an den Kosten der Pflegefinanzierung eingereicht von sämtlichen Einwohnergemeinderäten des Kantons Obwalden,
,01.07.2011 - Kantonsratssitzung,123,216,Guido Steudler,,Postulat betreffend nachhaltig sicherer und rentabler Spitalbetrieb dank Einbettzimmern im Neubau Bettentrakt des Kantonsspitals Obwalden,
,29.09.2011 - Kantonsratssitzung,124,126,Albert Sigrist,,Interpellation betreffend Energie-Vision Obwalden,
,03.11.2011 - Kantonsratssitzung,125,138,Max Rötheli,,"Postulat betreffend Aufhebung oder Neufassung der kantonalen Campingverordnung von Max Rötheli, Sarnen und Paul Küchler, Sarnen",
,03.11.2011 - Kantonsratssitzung,126,200,Walter Wyrsch,,"Motion betreffend Beiträge an Ausbildungsinstitutionen der Langzeitpflege von Walter Wyrsch, Alpnach und Mitunterzeichnende",
,02.12.2011 - Kantonsratssitzung,127,217,Nicole Wildisen,,Interpellation betreffend Streichung des Italienisch als Schwerpunktfach,
,26.01.2012 - Kantonsratssitzung,128,211,Ruth Koch-Niederberger,,Motion Standesinitiative Kernenergiegesetz,
,26.01.2012 - Kantonsratssitzung,129,126,Albert Sigrist,,Interpellation Zukunft Spital Obwalden,
,26.01.2012 - Kantonsratssitzung,130,208,Paul Vogler,,Interpellation Auswirkungen der eidgenössischen Gewässerschutzverordnung,
,26.01.2012 - Kantonsratssitzung,131,138,Max Rötheli,,Interpellation Biodiversitätsziele,
,26.01.2012 - Kantonsratssitzung,132,120,Peter Wälti,,Postulat Energieverbrauch,
,26.01.2012 - Kantonsratssitzung,133,218,Leo Spichtig CSP,,Interpellation Massnahmen gegen Todesopfer,
,26.01.2012 - Kantonsratssitzung,134,209,Urs Küchler,,Postulat betreffend Verbot von Tabakverkauf,
,31.05.2012 - Kantonsratssitzung,135,219,Boris Camenzind Sarnen,,Postulat betreffend Schaffung einer Ombudsstelle für die Kantonale Verwaltung und die Gerichte,
,31.05.2012 - Kantonsratssitzung,136,219,Boris Camenzind Sarnen,,Motion betreffend Schaffung zweier personell unabhängiger Gerichtspräsidien im Ober- und Verwaltungsgericht mit gegenseitiger Stellvertretung,
,31.05.2012 - Kantonsratssitzung,137,125,Peter Seiler,,Motion Gewässerschutz Motion betreffend Revision des Bundesgesetzes über den Schutz der Gewässer (GSchG) und der dazugehörigen Verordnung,
,15.03.2012 - Kantonsratssitzung,138,126,Albert Sigrist,,"Interpellation betreffend „Sein Wille geschehe“ von der SVP-Fraktion, Erstunterzeichner Albert Sigrist, Giswil",
,15.03.2012 - Kantonsratssitzung,139,120,Peter Wälti,,"Motion betreffend Baubewilligungsverfahren von Bruno Furrer, Lungern und Peter Wälti, Giswil und Mitunterzeichnende",
,31.05.2012 - Kantonsratssitzung,140,201,Willy Fallegger (SVP),,Motion betreffend gerechtere Kostenverteilung beim Vollanschluss A8 in Alpnach,
,31.05.2012 - Kantonsratssitzung,141,207,Klaus Wallimann Rechnungsprüfunkom,,Motion betreffend vorübergehende Kompensation der rückläufigen Mineralölsteueranteile für die Einwohnergemeinden und übrigen öffentlich-rechtlichen Körperschaften,
,29.06.2012 - Eröffnungssitzung des Kantonsrats,142,217,Nicole Wildisen,,Postulat betreffend Italienisch als Grundlagenfach an der Kantonsschule Obwalden,
,,143,218,Leo Spichtig CSP,,Anfrage betreffend Firmen und Geschäftssitze in OW,
,13.09.2012 - Kantonsratssitzung,144,218,Leo Spichtig CSP,,Interpellation betreffend mehr Belegärztinnen und Belegärzte am Kantonsspital Obwalden,
,13.09.2012 - Kantonsratssitzung,145,220,Walter Küchler,,Interpellation betreffend Qualität im Unterricht – „Keine Angaben“,
,24.10.2012 - Kantonsratssitzung,146,221,Hampi Lussi-Berwert,,Interpellation betreffend Einsatzbereitschaft der Kantonspolizei OW,
,06.12.2012 - Kantonsratssitzung,147,217,Nicole Wildisen,,Motion betreffend familienergänzende Betreuung für Kinder ab Kindergartenalter,
,06.12.2012 - Kantonsratssitzung,148,213,Urs Keiser,,Postulat betreffend Fremdsprachenunterricht auf der Mittelstufe,
,31.01.2013 - Kantonsratssitzung,149,202,Peter Wechsler Kerns,,Motion betreffend Alterspolitik in OW - der Kanton übernimmt Verantwortung und erarbeitet eine Gesamtstrategie,
,14.03.2013 - Kantonsratssitzung,150,211,Ruth Koch-Niederberger,,Interpellation betreffend die Auswirkungen des weiteren Ausbaus der A8,
,14.03.2013 - Kantonsratssitzung,151,222,Pia Berchtold-von Wyl,,Motion betreffend verbindliche Einführung des freiwilligen 2-Jahres Kindergartens für alle Gemeinden im Kanton Obwalden,
,14.03.2013 - Kantonsratssitzung,152,223,Werni Birrer SVP,,Interpellation betreffend Möglichkeiten der Einflussnahme des Kantons bei der vom Bund bzw. VBS geplanten Einquartierung von Asyluntersuchenden bei der Truppenunterkunft „Kleine Schliere“ in Alpnach,
,,153,126,Albert Sigrist,,Motion betreffend Besetzung der RPK,
,25.04.2013 - Kantonsratssitzung,154,210,Jürg Berlinger,,Interpellation betreffend Vorgehensweise und Terminplan für den Variantenentscheid des Hochwasserschutzprojekts Sarneraatal,
,23.05.2013 - Kantonsratssitzung,155,221,Hampi Lussi-Berwert,,Interpellation betreffend Bauen ausserhalb der Bauzonen,
,23.05.2013 - Kantonsratssitzung,156,126,Albert Sigrist,,Motion betreffend Besetzung der Rechtspflegekommission,
,28.06.2013 - Kantonsratssitzung,157,153,Ambros Albert-Kathriner,,Interpellation betreffend Schäden durch Hirsche während den Wintermonaten,
,28.06.2013 - Kantonsratssitzung,158,212,Maya Büchi-Kaiser,,Interpellation betreffend die Auswirkungen der Annahme der Volksinitiative „1:12 für gerechtere Löhne“ auf den Kanton und die Gemeinden im Kanton Obwalden,
,,159,141,Helen Keiser-Fürrer,,Motion betreffend Änderung des Abstimmungsgesetzes Artikel 33,
,28.06.2013 - Kantonsratssitzung,160,126,Albert Sigrist,,Motion betreffend Staatsgarantie für Schweizer/Obwaldner Holz,
,,161,224,Margrit Freivogel-Kayser,,Interpellation betreffend Kostenverteilung und Unterhalt im Gesetz über die Regelung der Abflussverhältnisse des Sarnersees zur Hochwassersicherheit des Sarneraatals,
,,162,136,Eva Morger,,"Anfrage betreffend Kontrolltätigkeit bezüglich der Arbeits-, Lenk- und Ruhezeiten der berufsmässigen Motorfahrzeugführerinnen und-fürher",
,12.09.2013 - Kantonsratssitzung,163,138,Max Rötheli,,Interpellation betreffend Hochwasser-Regime Lungerersee,
,12.09.2013 - Kantonsratssitzung,164,,Kommission Steuergesetz,,Motion betreffend Auswirkungen der Steuerstrategie auf die Raumentwicklung und den Verkehr in Obwalden,
,05.12.2013 - Kantonsratssitzung,165,210,Jürg Berlinger,,"Interpellation betreffend ""Scheitert die Realisierung des Hochwasserschutz Projekt Sarneraatal jetzt an der Finanzierung?""",
,05.12.2013 - Kantonsratssitzung,166,218,Leo Spichtig CSP,,Motion betreffend Massnahmen gegen zusätzliche Todesopfer auf der Nationalstrasse A8 (Abschnitt Sarnen Nord/Alpnachstad),
,05.12.2013 - Kantonsratssitzung,167,213,Urs Keiser,,Interpellation betreffend Frühfranzösisch: Was macht der Kanton Obwalden?,
,20.03.2014 - Kantonsratssitzung,168,153,Ambros Albert-Kathriner,,Postulat betreffend für eine sinnvolle Verwertung von Schwemmholz,
,30.01.2014 - Kantonsratssitzung,169,127,Hubert Schumacher,,Interpellation betreffend angekündigte Aufgabe des Ausbildungsstandortes und Truppenlagers Langis-Glaubenberg durch den Bund per 2017,
,30.01.2014 - Kantonsratssitzung,170,221,Hampi Lussi-Berwert,,Interpellation betreffend sanierte Schwanderstrasse - ein Flickwerk mit Steuergeldern?,
,30.01.2014 - Kantonsratssitzung,171,225,Christoph Amstad-Bucher,,Interpellation betreffend Schliessung Schiessplatz und Truppenlager Glaubenberg,
,21.05.2014 - Kantonsratssitzung,172,226,Daniel Wyler,,Motion betreffend Naturgefahrenfonds Obwalden,
,16.04.2014 - Kantonsratssitzung,173,227,Lisbeth Berchtold-Durrer,,Interpellation betreffend Verlegung kleine Melchaa,
,16.04.2014 - Kantonsratssitzung,174,126,Albert Sigrist,,Motion betreffend KAP (Konsolidierungs- und Aufgabenüberprüfungspaket) 2014,
,27.06.2014 - Kantonsratssitzung (Eröffnungssitzung der Amtsdauer 2014 bis 2018),175,211,Ruth Koch-Niederberger,,Interpellation betreffend die Situation für Menschen mit Beeinträchtigung nach Einführung der NFA,
,27.06.2014 - Kantonsratssitzung (Eröffnungssitzung der Amtsdauer 2014 bis 2018),176,228,Sepp Stalder,,"Interpellation Umfahrung Kaiserstuhl, wann und wie geht es weiter?",
,27.06.2014 - Kantonsratssitzung (Eröffnungssitzung der Amtsdauer 2014 bis 2018),177,207,Klaus Wallimann,,"Motion betreffend Hochwasserschutzprojekt Sarneraa, Gemeinde Alpnach",
,27.06.2014 - Kantonsratssitzung (Eröffnungssitzung der Amtsdauer 2014 bis 2018),178,125,Peter Seiler,,Motion betreffend Änderung des Konkordatsvertrages des Laboratoriums der Urkantone,
,27.06.2014 - Kantonsratssitzung (Eröffnungssitzung der Amtsdauer 2014 bis 2018),179,229,Hans-Melk Reinhard,,Interpellation betreffend Nationale Schneesportzentrum Engelberg,
,11.09.2014 - Kantonsratssitzung,180,230,Bruno Furrer,,Dringliche Motion betreffend Weiterführung des Ausführungsprojektes der Umfahrung N8 Lungern Nord-Giswil Süd,
,11.09.2014 - Kantonsratssitzung,181,153,Ambros Albert-Kathriner,,Interpellation betreffend Massnahmen gegen Hundekot und Aludosen im Wiesland,
,23.10.2014 - Kantonsratssitzung,182,213,Urs Keiser,,Interpellation betreffend Stand Radwegkonzept,
,,183,131,Dominik Rohrer,,Anfrage betreffend Beteilung des Kantons an Swissgrid,
,,184,126,Albert Sigrist,,"Anfrage betreffend ""Was passiert mit der Motion KAP 2014?""",
,04.12.2014 - Kantonsratssitzung,185,125,Peter Seiler,,Interpellation betreffend Baukultur in Obwalden,
,12.03.2015 - Kantonsratssitzung,186,231,Monika Rüegger,,Interpellation betreffend Beibehaltung Ferienregelung Engelberg,
,12.03.2015 - Kantonsratssitzung,187,138,Max Rötheli,,Postulat betreffend angepasste Bedingungen für junge Pflegebedürftige,
,12.03.2015 - Kantonsratssitzung,188,120,Peter Wälti,,Motion betreffend Reglement zum Schutz- und Nutzungsplan der nationalen Auen Steinibach Giswil / Sarnen und Auen Laui Giswil,
,20.03.2014 - Kantonsratssitzung,189,207,Klaus Wallimann,,Postulat betreffend Wirkung des innerkantonalen Finanzausgleichs,
,23.04.2015 - Kantonsratssitzung,190,230,Bruno Furrer,,Interpellation betreffend Ersatz Wärmeverbund Sarnen,
,19.06.2015 - Kantonsratssitzung (Eröffnungssitzung Amtsjahr 2015/2016),191,232,Markus Ettlin,,Interpellation betreffend neue Regionalpolitik (NRP) Förderperiode 2016 - 2019,
,03.09.2015 - Kantonsratssitzung,192,127,Hubert Schumacher,,"Interpellation betreffend Ausreisezentrum für Asylbewerber im Truppenlager Langis-Glaubenberg, Sarnen",
,,193,138,Max Rötheli,,Anfrage betreffend Wahlverfahren Kantonsrat,
,03.09.2015 - Kantonsratssitzung,194,127,Hubert Schumacher,,Interpellation betreffend Haltestellenkonzept für den öffentlichen Verkehr (öV) im Kanton Obwalden,
,03.09.2015 - Kantonsratssitzung,195,220,Walter Küchler,,Motion betreffend Änderung der Gastgewerbeverordnung Art. 1 und Art. 9,
,03.09.2015 - Kantonsratssitzung,196,144,Marcel Jöri-Wallimann,,"Interpellation betreffend Auswirkungen der Aufhebung des Euro-Mindestkurses durch die CH-Nationalbank auf Obwaldens Wirtschaft, den Tourismus und die Landwirtschaft",
,02.12.2015 - 03.12.2015 - Kantonsratssitzung,197,120,Peter Wälti,,Interpellation betreffend Bauen ausserhalb der Bauzone: Gleiche Praxis für Ferien- und Wohnhäuser,
,02.12.2015 - 03.12.2015 - Kantonsratssitzung,198,119,Christoph von Rotz,,Interpellation betreffend die Einbürgerung wird zur Farce,
,02.12.2015 - 03.12.2015 - Kantonsratssitzung,199,231,Monika Rüegger,,"Interpellation betreffend Anfrage zur Asylpraxis und deren finanziellen Folgen für OW, Sozialgelder an Herkunftsstaaten von Asylanten",
,22.10.2015 - Kantonsratssitzung (in Engelberg),200,,,,"Volksmotionen  betreffend ""Änderung des Gesetzes über das Campieren"":",
,10.03.2016 - Kantonsratssitzung,201,232,Markus Ettlin,,Motion betreffend Überprüfung und Anpassung des Bildungsgesetzes,
,14.04.2016 - Kantonsratssitzung,202,218,Leo Spichtig CSP,,Interpellation betreffend Hausärztemangel,
,10.03.2016 - Kantonsratssitzung,203,131,Dominik Rohrer,,Postulat betreffend Wasserkaft des Kantons Obwalden,
,01.07.2016 - Kantonsratssitzung (Eröffnungssitzung Amtsjahr 2016/2017),204,233,Christian Schäli,,Interpellation betreffend Praxis der KESB bei der Entbindung der Pflichten gestützt auf Art. 420 ZGB,
,01.07.2016 - Kantonsratssitzung (Eröffnungssitzung Amtsjahr 2016/2017),205,221,Hampi Lussi-Berwert,,Interpellation betreffend Effizienssteigerung im Kantonsparlament,
,01.07.2016 - Kantonsratssitzung (Eröffnungssitzung Amtsjahr 2016/2017),206,126,Albert Sigrist,,Motion betreffend Einführung Streusiedlungszonen,
,,207,111,Guido Cotter,,Anfrage betreffend Verpflichtungskredit für das Projekt des A-8 Abschnittes Giswil-Süd bis Lungern-Nord,
,,208,120,Peter Wälti,,Anfrage betreffend Schulgutsbetrieb Giswil,
,26.10.2016 - Kantonsratssitzung,209,231,Monika Rüegger,,Motion betreffend Praxis der KESB betreffend der gänzlichen Entbindung der Pflichten gemäss Art. 420 ZGB,
,01.07.2016 - Kantonsratssitzung (Eröffnungssitzung Amtsjahr 2016/2017),210,125,Peter Seiler,,Interpellation betreffend Bewilligungspraxis von altrechtlichen Wohnbauten ausserhalb der Bauzone,
,26.10.2016 - Kantonsratssitzung,211,234,Martin Mahler Engelberg,,Motion betreffend Übergangsfrist für die Inkraftsetzung der neuen Praxisregeln zu Art. 24c RPG,
,01.12.2016 - 02.12.2016 - Kantonsratssitzung,212,200,Walter Wyrsch,,Interpellation betreffend hindernisfreies Bauen,
,26.01.2017 - Kantonsratssitzung,213,153,Ambros Albert-Kathriner,,Motion betreffend Erhöhung Kinder- und Ausbildungszulagen,
,26.01.2017 - Kantonsratssitzung,214,200,Walter Wyrsch,,Motion betreffend flugfreie Sonntage auf dem Flugplatz Kägiswil,
,26.01.2017 - Kantonsratssitzung,215,144,Marcel Jöri-Wallimann,,Motion betreffend Erhöhung der Kinder- und Ausbildungszulagen - CVP- Fraktion,
,26.01.2017 - Kantonsratssitzung,216,149,Adrian Haueter-Zumbühl,,Motion betreffend Aufhebung der Begrenzung des Dienstverhältnisses auf maximal zwei Jahre über die AHV-Altersgrenze,
,26.01.2017 - Kantonsratssitzung,217,110,Branko Balaban,,Motion betreffend Rechtsmittelfrist in kantonalen Verwaltungsverfahren,
,24.03.2017 - Kantonsratssitzung,218,138,Max Rötheli,,Postulat betreffend Poststellenschliessungen,
,26.01.2017 - Kantonsratssitzung,219,235,Isabella Kretz-Kiser Kerns,,Interpellation betreffend Lohnnebenleistungen und Privilegien des Staatspersonals des Kantons Obwalden,
,24.03.2017 - Kantonsratssitzung,220,120,Peter Wälti,,Interpellation betreffend Zentrumsüberbauung Sarnen; Projektwettbewerb,
,24.03.2017 - Kantonsratssitzung,221,138,Max Rötheli,,Motion betreffend Zusammensetzung der Ratsleitung,
,31.05.2017 - 01.06.2017 - Kantonsratssitzung,222,153,Ambros Albert-Kathriner,,"Motion betreffend neues Schlachthaus auf dem Gelände des Werkhofes Foribach, Parzelle 4424, Sarnen",
,24.03.2017 - Kantonsratssitzung,223,143,Cornelia Kaufmann-Hurschler,,Interpellation betreffend Fussgängerstreifen in Tempo-30-Zonen,
,30.06.2017 - Kantonsratssitzung (Eröffnungssitzung Amtsjahr 2017/2018),224,127,Hubert Schumacher,,Postulat betreffend Befreiung von der Feuerwehrersatzabgabe für Angehörige von Rettungs- und Nothilfeorganisationen,
,31.05.2017 - 01.06.2017 - Kantonsratssitzung,225,226,Daniel Wyler,,Motion betreffend Besetzung der Rechtspflegekommission: Beschränkung der Anzahl von praktizierenden Anwältinnen und Anwälten,
,31.05.2017 - 01.06.2017 - Kantonsratssitzung,226,232,Markus Ettlin,,Interpellation betreffend der geplanten Steuergesetzrevision - Begrenzung Fahrkostenabzug,
,07.09.2017 - Kantonsratssitzung,227,210,Jürg Berlinger,,Interpellation betreffend unterirdisches Parkhaus in Sarnen (Park+Ride beim Bahnhof),
,06.12.2017 - 07.12.2017 - Kantonsratssitzung,228,236,Christian Limacher,,Motion betreffend Entlöhnung der Steuerrekurskommission,
,07.09.2017 - Kantonsratssitzung,229,153,Ambros Albert-Kathriner,,Motion betreffend aktive und sofortige Unterstützung der Genossenschaft Schlachthaus Ei Sarnen,
,06.12.2017 - 07.12.2017 - Kantonsratssitzung,230,153,Ambros Albert-Kathriner,,Postulat betreffend Verwertung von Wurzelstöcken,
,06.12.2017 - 07.12.2017 - Kantonsratssitzung,231,149,Adrian Haueter-Zumbühl,,Interpellation betreffend Einfluss der Regulierungen der IVHSM auf die Konkurrenzfähigkeit des Kantonsspitals Obwalden,
,27.10.2017 - Kantonsratssitzung,232,120,Peter Wälti,,Motion betreffend Förderung von Bauten aus Schweizer Holz für die Zukunft,
,25.01.2018 - Kantonsratssitzung,233,234,Martin Mahler Engelberg,,Motion betreffend Anpassung des Baugesetzes: Delegation von Baubewilligungen,
,15.03.2018 - Kantonsratssitzung,234,126,Albert Sigrist,,Interpellation betreffend Waldbrandgefahren in Obwalden?,
,15.03.2018 - Kantonsratssitzung,235,105,Marcel Durrer,,Interpellation betreffend Heimetli-Monopoly in Alpnach?,
,26.04.2018 - Kantonsratssitzung,236,211,Ruth Koch-Niederberger,,Postulat betreffend Unterzeichnung Charta Lohngleichheit im öffentlichen Sektor,
,24.05.2018 - 25.05.2018 - Kantonsratssitzung,237,211,Ruth Koch-Niederberger,,Interpellation betreffend Machbarkeitsstudie zur Skigebietsverbindung Melchsee Frutt - Titlis - Hasliberg,
,15.03.2018 - Kantonsratssitzung,238,105,Marcel Durrer,,Interpellation Stilllegung Schiessanlage Alpnach,
,26.04.2018 - Kantonsratssitzung,239,111,Guido Cotter,,Postulat personelle und finanzielle Auswirkungen rechtlicher Erlasse,
,24.05.2018 - 25.05.2018 - Kantonsratssitzung,240,200,Walter Wyrsch,,Interpellation betreffend Stand Betriebsreglement Flugplatz Kägiswil,
,15.03.2018 - Kantonsratssitzung,241,138,Max Rötheli,,Interpellation betreffend Sparmassnahmen bei Stiftung Rütimattli,
,06.09.2018 - Kantonsratssitzung,242,111,Guido Cotter,,Motion betreffend Etappierung von Bauprojekten - Zurückschieben des Projekts A8 Lungern Nord - Giswil Süd,
,29.06.2018 - Kantonsratssitzung (Eröffnungssitzung Amtsjahr 2018/2019),243,107,Gerhard Durrer-Egger,,Interpellation betreffend bessere Verteilung / Staffelung der Ferienzeiten um Wintersportgebiete besser zu entlasten und die Auslastung gleichmässiger zu verteilen,
,29.06.2018 - Kantonsratssitzung (Eröffnungssitzung Amtsjahr 2018/2019),244,232,Markus Ettlin,,"Interpellation betreffend Stand der überwiesenen Motion ""Erhöhung der Kinder- und Ausbildungszulagen",
,29.06.2018 - Kantonsratssitzung (Eröffnungssitzung Amtsjahr 2018/2019),245,153,Ambros Albert-Kathriner,,Motion betreffend Verminderung von Schäden durch Hirsche in der Landwirtschaft und im Wald,
,05.12.2018 - Kantonsratssitzung,246,138,Max Rötheli,,Motion betreffend Einsatz von Flüsterbelägen auf Kantonsstrassen,
,05.12.2018 - Kantonsratssitzung,247,149,Adrian Haueter-Zumbühl,,Motion betreffend Überprüfung der Verwendung der Swisslos-Gelder und der damit einhergehenden Kompetenzen des Regierungsrats,
,20.03.2019 - Kantonsratssitzung,248,114,Mike Bacher,,Interpellation betreffend Abschaffung des Schwerpunktfaches Latein an der Kantonsschule Obwalden,
,05.12.2018 - Kantonsratssitzung,249,143,Cornelia Kaufmann-Hurschler,,Motion betreffend Förderung von Leistungssportlern im Kanton Obwalden,
,23.05.2019 - 24.05.2019 - Kantonsratssitzung,250,144,Marcel Jöri-Wallimann,,Interpellation betreffend den Unterhalt der Immobilien und der Strasseninfrastruktur sowie dem Wiederbeschaffungswert der Naturgefahrenabwehr des Kantons Obwalden,
,20.03.2019 - Kantonsratssitzung,251,149,Adrian Haueter-Zumbühl,,"Interpellation betreffend Invasive Arten in Obwalden - Problematik, Massnahmen und Kosten",
,20.03.2019 - Kantonsratssitzung,252,144,Marcel Jöri-Wallimann,,Interpellation betreffend möglicher Reduktion des Leistungsangebots und der Erfüllung von nicht staatlichen Aufgaben durch den Kanton Obwalden,
,20.03.2019 - Kantonsratssitzung,253,200,Walter Wyrsch,,Interpellation betreffend Wegweisung von 2 Asylsuchenden aus Eritrea,
,23.05.2019 - 24.05.2019 - Kantonsratssitzung,254,237,Seppi Hainbuchner,,Motion betreffend Unterstützungspflicht bei sofortiger Hilfe für Ausländer ohne Wohnsitz in der Schweiz,
,28.06.2019 - Kantonsratssitzung (Eröffnungssitzung),255,114,Mike Bacher,,Motion betreffend Einführung des Öffentlichkeitsprinzips in Obwalden,
,23.05.2019 - 24.05.2019 - Kantonsratssitzung,256,200,Walter Wyrsch,,Interpellation betreffend keine automatische Verlängerung des Mietvertrags Flugplatz Kägiswil,
,23.05.2019 - 24.05.2019 - Kantonsratssitzung,257,150,Ivo Herzog,,Interpellation betreffend aktueller Stand von Spar- und Verzichtsbemühungen bei den Kantonsfinanzen sowie beim Personalwesen,
,23.05.2019 - 24.05.2019 - Kantonsratssitzung,258,150,Ivo Herzog,,Interpellation betreffend Auswirkungen des EU-Rahmenabkommens auf den Kanton Obwalden,
,12.09.2019 - Kantonsratssitzung,259,142,Peter Lötscher-Keller,,Interpellation betreffend Abschlussquoten der Gymnasiastinnen und Gymnasiasten aus Obwalden als Qualitätsmerkmal der gymnasialen Ausbildung,
,12.09.2019 - Kantonsratssitzung,260,126,Albert Sigrist,,Motion betreffend dem Verkauf von 184 Aktien der Schweizerischen Nationalbank (SNB) durch den Kanton Obwalden,
,12.09.2019 - Kantonsratssitzung,261,138,Max Rötheli,,"Interpellation betreffend Wartezeiten beim Schulpsychologischen Dienst (SPD), Psychomotoriktherapiestelle (PMT) und Logopädischen Dienst (LPD) im Kontext mit den Peronalsparmassnahmen beim Bildungs- und Kulturdepartement (BKD)",
,12.09.2019 - Kantonsratssitzung,262,236,Christian Limacher,,Motion betreffend Neuregelung Ratsleitung des Kantonsrats,
,12.09.2019 - Kantonsratssitzung,263,153,Ambros Albert-Kathriner,,Interpellation betreffend 5G im Kanton Obwalden,
,12.09.2019 - Kantonsratssitzung,264,131,Dominik Rohrer,,Interpellation betreffend finanzielle Lage des Kantons Obwalden,
,12.09.2019 - Kantonsratssitzung,265,149,Adrian Haueter-Zumbühl,,Interpellation betreffend Bewirtschaftung von Parkplätzen des Kantons,
,12.09.2019 - Kantonsratssitzung,266,111,Guido Cotter,,Interpellation betreffend Prämienverbilligung in Obwalden und Bundesgerichtsurteil,
,12.09.2019 - Kantonsratssitzung,267,221,Hampi Lussi-Berwert,,Interpellation betreffend Departementsverteilung im Obwaldner Regierungsrat,
,12.09.2019 - Kantonsratssitzung,268,136,Eva Morger,,Interpellation betreffend kongruente Regelungen für Hilfestellung Zuhause,
,05.12.2019 - Kantonsratssitzung,269,130,Hanspeter Scheuber,,Interpellation betreffend Kantonsschule Obwalden - Implementierung Schulische Sozialarbeit,
,05.12.2019 - Kantonsratssitzung,270,113,Benno Dillier,,Interpellation betreffend Wirtschaftsfreiheit und Schweizer KMUs,
,24.10.2019 - Kantonsratssitzung,271,,,,Volksmotion zur nachhaltigen Sanierung der Kantonsfinanzen,
,19.03.2020 - Kantonsratssitzung (AUSFALL infolge Coronavirus),272,108,Sonnie Burch,,Motion bettreffend Umverteilung der Wochenlektionen gemäss Stundentafel für die Orientierungsstufe OS (7. - 9. Schuljahr),
,05.12.2019 - Kantonsratssitzung,273,143,Cornelia Kaufmann-Hurschler,,Motion betreffend Zustellung und Nutzung Sitzungsunterlagen in digitaler Form,
,05.12.2019 - Kantonsratssitzung,274,144,Marcel Jöri-Wallimann,,Interpellation betreffend Umsetzung der überwiesenen parlamentarischen Anmerkung über die Umsetzung / Anpassung Lohnsystem für das Personal,
,19.03.2020 - Kantonsratssitzung (AUSFALL infolge Coronavirus),275,149,Adrian Haueter-Zumbühl,,Interpellation betreffend First Responder OW - Aufrechterhaltung der bestehenden Dienstleistung,
,19.03.2020 - Kantonsratssitzung (AUSFALL infolge Coronavirus),276,231,Monika Rüegger,,Motion betreffend separate Plastiksammlung in Obwalden ermöglichen,
,19.03.2020 - Kantonsratssitzung (AUSFALL infolge Coronavirus),277,129,Annemarie Schnider,,Interpellation betreffend Vision Radwege in Obwalden,
,19.03.2020 - Kantonsratssitzung (AUSFALL infolge Coronavirus),278,131,Dominik Rohrer,,Interpellation betreffend Beteiligungscontrolling: Wie steuert der Kanton Obwalden seine Betriebe?,
,19.03.2020 - Kantonsratssitzung (AUSFALL infolge Coronavirus),279,153,Ambros Albert-Kathriner,,Motion betreffend Baumoratorium für 5G,
,10.09.2020 - Kantonsratssitzung,280,108,Sonnie Burch,,Motion betreffend Unterstützung der Sanierung und Erweiterung des Hallenbades Obwalden,
,10.09.2020 - Kantonsratssitzung,281,144,Marcel Jöri-Wallimann,,Interpellation betreffend volkswirtschaftliche Bedeutung der landwirtschaftlichen Strukturverbesserungsbeiträge,
,10.09.2020 - Kantonsratssitzung,282,115,Josef Allenbach,,Interpellation betreffend OKB und Klimaziele des Pariser Abkommens,
,10.09.2020 - Kantonsratssitzung,283,112,Remo Fanger,,Interpellation betreffend Interkantonale polizeiliche Zusammenarbeit mit anderen Polizeikorps,
,10.09.2020 - Kantonsratssitzung,284,136,Eva Morger,,Interpellation betreffend finanzielle und personelle Ressourcen für den Naturschutz im Kanton Obwalden,
,10.09.2020 - Kantonsratssitzung,285,134,Thomas Michel,,Interpellation betreffend Entwicklung und Auswirkungen der zugewanderten Erwerbstätigen,
,28.01.2021 - Kantonsratssitzung,286,133,Petra Rohrer-Stimming,,Interpellation betreffend Fallkosten Kantonsspital Obwalden,
,28.01.2021 - Kantonsratssitzung,287,145,Dominik Imfeld,,Interpellation betreffend Förderung moderner Teilzeitmodelle zur besseren Vereinbarkeit von Familie und Beruf,
,28.01.2021 - Kantonsratssitzung,288,145,Dominik Imfeld,,Interpellation betreffend Strategieprozess in der Akutversorgung,
,28.01.2021 - Kantonsratssitzung,289,144,Marcel Jöri-Wallimann,,Interpellation betreffend Szenarien zur Verbesserung der Staatsrechnung,
,03.12.2020 - Kantonsratssitzung,290,113,Benno Dillier,,Interpellation betreffend veränderte Verkehrsführung auf der A8 vor dem Loppertunnel,
,03.12.2020 - Kantonsratssitzung,291,148,Gregor Jaggi,,Interpellation betreffend Sicherstellung der interkantonalen Zusammenarbeit zur intensivmedizinischen Versorgung von PatientInnen aus dem Kanton Obwalden,
,03.12.2020 - Kantonsratssitzung,292,126,Albert Sigrist,,Interpellation betreffend Personalverleih zwischen den Sozialinstitutionen und dem Kantonsspital Obwalden,
,03.12.2020 - Kantonsratssitzung,293,114,Mike Bacher,,Interpellation betreffend Keine Macht den Kartellen! - Erkennung unzulässiger Wettbewerbsabreden,
,03.12.2020 - Kantonsratssitzung,294,136,Eva Morger,,Interpellation betreffend Regelung von Praktika,
,18.03.2021 - Kantonsratssitzung,295,150,Ivo Herzog,,Interpellation betreffend Datenschutz und seine Durchsetzung,
,18.03.2021 - Kantonsratssitzung,296,126,Albert Sigrist,,Interpellation betreffend Überprüfung Wahlverfahren der Gerichte,
,,297,111,Guido Cotter,,Interpellation betreffend Fluglärm in Obwalden,
,28.01.2021 - Kantonsratssitzung,298,144,Marcel Jöri-Wallimann,,"Motion betreffend Entschädigungspflicht von Nutztieren, die durch den Wolf gerissen oder verletzt wurden",
,28.01.2021 - Kantonsratssitzung,299,141,Helen Keiser-Fürrer,,Motion betreffend Aufhebung der Schontage fürs Pilzsammeln,
,28.01.2021 - Kantonsratssitzung,300,138,Max Rötheli,,Motion betreffend Einführung des doppelten Pukelsheim in Obwalden,
,18.03.2021 - Kantonsratssitzung,301,133,Petra Rohrer-Stimming,,Interpellation betreffend Corona Massnahmen in den öffentlichen Schulen,
,18.03.2021 - Kantonsratssitzung,302,124,André Windlin,,Interpellation betreffend Corona-Pandemie; darf man auch kritisch sein?,
,,303,109,Daniel Blättler,,Motion betreffend Ausbreitung der Wölfe: Werden die Interessen der Berggebiete genügend berücksichtigt?,
,,304,114,Mike Bacher,,Motion betreffend Einführung eines gemischten Wahlverfahrens für den Obwaldner Kantonsrat,
,28.01.2021 - Kantonsratssitzung,305,120,Peter Wälti,,Interpellation betreffend Winteruniversiade 2021: Was kostet sie den Kanton Obwalden?,
,28.01.2021 - Kantonsratssitzung,306,130,Hanspeter Scheuber,,Interpellation betreffend A8 Ausfahrt 36 Sarnen Nord in Fahrtrichtung Süd/Giswil Ausfahrt nach Sarnen und Stopp Abzweiger nach Kerns,
,18.03.2021 - Kantonsratssitzung,307,108,Sonnie Burch,,Interpellation betreffend Stellwerk-Test 9 im letzten obligatorischen Schuljahr der öffentlichen Schulen im Kanton Obwalden,
,18.03.2021 - Kantonsratssitzung,308,130,Hanspeter Scheuber,,Motion betreffend Anschaffung einer mobilen elektronischen Abstimmungsanlage,"Titel: Anschaffung einer mobilen, elektronischen Abstimmungsanlage Auftrag: Der Regierungsrat wird beauftragt eine mobile, elektronische Abstimmungsanlage, zu evaluieren, zu budgetieren und baldmöglichst zu beschaffen, welche im Kantonsratssaal, sowie an etwelchen anderen Standorten eingesetzt werden kann. Sie soll dabei schnell und genau das jeweilige Abstimmungsresultat an die Ratsleitung geben und auf einer Anzeigetafel präsentieren. Im Weiteren soll sie das Stimmverhalten der einzelnen Parlamentarier festhalten. Der Regierungsrat wird aufgefordert abzuklären ob der gesetzliche Rahmen vorhanden ist um diese Abstimmungsanlage konform zu betreiben und die Daten zu erfassen bzw. zu archivieren. Wenn nötig sollen diese Anpassungen zeitnah zur Hand genommen werden. Begründung - Das Abstimmungsresultat ist innert Sekunden eruiert und angezeigt - Es erfolgen keine Falschzählungen mehr - Der Ratsbetrieb kann speditiver abgehalten werden - Das Abstimmungsverhalten aller Parlamentarier wird einzeln erfasst - Dem einzuführenden Öffentlichkeitsprinzip wird Rechnung getragen - Das Stimmverhalten der Politiker ist festgehalten und für die Bürger klar ersichtlich Datum: 4. Dezember 2020 Mitunterzeichnende: Dokumentnummer:"
